ticker,yahoo_symbol,status,reason,n_rows,first_date,last_date,expected_sessions,completeness,in_fincall,fincall_calls,in_maec,maec_calls
A,A,ok,,2035,2014-06-02,2022-06-29,2035,1.0,True,7,True,4
AA,AA,ok,,2035,2014-06-02,2022-06-29,2035,1.0,True,8,False,0
AAL,AAL,ok,,2035,2014-06-02,2022-06-29,2035,1.0,True,1,False,0
AAN,AAN,missing,no_data:delisted_renamed_or_unlisted_on_yahoo,0,,,0,0.0,False,0,True,4
AAOI,AAOI,ok,,2035,2014-06-02,2022-06-29,2035,1.0,False,0,True,2
AAON,AAON,ok,,2035,2014-06-02,2022-06-29,2035,1.0,False,0,True,4
AAP,AAP,ok,,2035,2014-06-02,2022-06-29,2035,1.0,False,0,True,5
AAPL,AAPL,ok,,2035,2014-06-02,2022-06-29,2035,1.0,False,0,True,4
AAWW,AAWW,missing,no_data:delisted_renamed_or_unlisted_on_yahoo,0,,,0,0.0,False,0,True,3
AAXN,AAXN,missing,no_data:delisted_renamed_or_unlisted_on_yahoo,0,,,0,0.0,False,0,True,1
ABAX,ABAX,ok,,1057,2014-06-02,2018-08-09,1057,1.0,False,0,True,1
ABBV,ABBV,ok,,2035,2014-06-02,2022-06-29,2035,1.0,False,0,True,4
ABC,ABC,missing,no_data:delisted_renamed_or_unlisted_on_yahoo,0,,,0,0.0,False,0,True,4
ABCB,ABCB,ok,,2035,2014-06-02,2022-06-29,2035,1.0,False,0,True,6
ABG,ABG,ok,,2035,2014-06-02,2022-06-29,2035,1.0,False,0,True,6
ABM,ABM,ok,,2035,2014-06-02,2022-06-29,2035,1.0,False,0,True,3
ABMD,ABMD,missing,no_data:delisted_renamed_or_unlisted_on_yahoo,0,,,0,0.0,False,0,True,2
ABT,ABT,ok,,2035,2014-06-02,2022-06-29,2035,1.0,True,4,True,4
ACC,ACC,missing,no_data:delisted_renamed_or_unlisted_on_yahoo,0,,,0,0.0,False,0,True,1
ACET,ACET,ok,,1114,2018-01-26,2022-06-29,1114,1.0,False,0,True,1
ACHC,ACHC,ok,,2035,2014-06-02,2022-06-29,2035,1.0,False,0,True,3
ACIW,ACIW,ok,,2035,2014-06-02,2022-06-29,2035,1.0,False,0,True,5
ACLS,ACLS,ok,,2035,2014-06-02,2022-06-29,2035,1.0,False,0,True,4
ACM,ACM,ok,,2035,2014-06-02,2022-06-29,2035,1.0,False,0,True,1
ACN,ACN,ok,,2035,2014-06-02,2022-06-29,2035,1.0,False,0,True,6
ACOR,ACOR,missing,no_data:delisted_renamed_or_unlisted_on_yahoo,0,,,0,0.0,False,0,True,3
ACXM,ACXM,missing,no_data:delisted_renamed_or_unlisted_on_yahoo,0,,,0,0.0,False,0,True,1
ADBE,ADBE,ok,,2035,2014-06-02,2022-06-29,2035,1.0,True,8,True,3
ADC,ADC,ok,,2035,2014-06-02,2022-06-29,2035,1.0,False,0,True,1
ADI,ADI,ok,,2035,2014-06-02,2022-06-29,2035,1.0,False,0,True,5
ADM,ADM,ok,,2035,2014-06-02,2022-06-29,2035,1.0,True,9,True,5
ADP,ADP,ok,,2035,2014-06-02,2022-06-29,2035,1.0,True,5,True,5
ADS,ADS,missing,no_data:delisted_renamed_or_unlisted_on_yahoo,0,,,0,0.0,False,0,True,4
ADSK,ADSK,ok,,2035,2014-06-02,2022-06-29,2035,1.0,True,9,True,2
AEE,AEE,ok,,2035,2014-06-02,2022-06-29,2035,1.0,False,0,True,2
AEGN,AEGN,missing,no_data:delisted_renamed_or_unlisted_on_yahoo,0,,,0,0.0,False,0,True,4
AEIS,AEIS,ok,,2035,2014-06-02,2022-06-29,2035,1.0,False,0,True,1
AEL,AEL,missing,no_data:delisted_renamed_or_unlisted_on_yahoo,0,,,0,0.0,False,0,True,3
AEO,AEO,ok,,2035,2014-06-02,2022-06-29,2035,1.0,False,0,True,4
AEP,AEP,ok,,2035,2014-06-02,2022-06-29,2035,1.0,True,9,True,1
AES,AES,ok,,2035,2014-06-02,2022-06-29,2035,1.0,True,6,True,3
AET,AET,ok,,1135,2014-06-02,2018-11-29,1135,1.0,False,0,True,4
AFG,AFG,ok,,2035,2014-06-02,2022-06-29,2035,1.0,False,0,True,2
AFL,AFL,ok,,2035,2014-06-02,2022-06-29,2035,1.0,True,1,False,0
AGCO,AGCO,ok,,2035,2014-06-02,2022-06-29,2035,1.0,False,0,True,4
AGN,AGN,missing,no_data:delisted_renamed_or_unlisted_on_yahoo,0,,,0,0.0,False,0,True,3
AGYS,AGYS,ok,,2035,2014-06-02,2022-06-29,2035,1.0,False,0,True,2
AHH,AHH,missing,no_data:delisted_renamed_or_unlisted_on_yahoo,0,,,0,0.0,False,0,True,1
AHL,AHL,missing,no_data:delisted_renamed_or_unlisted_on_yahoo,0,,,0,0.0,False,0,True,6
AIG,AIG,ok,,2035,2014-06-02,2022-06-29,2035,1.0,True,8,False,0
AIN,AIN,ok,,2035,2014-06-02,2022-06-29,2035,1.0,False,0,True,1
AIR,AIR,ok,,2035,2014-06-02,2022-06-29,2035,1.0,False,0,True,5
AIT,AIT,ok,,2035,2014-06-02,2022-06-29,2035,1.0,False,0,True,2
AIV,AIV,ok,,2035,2014-06-02,2022-06-29,2035,1.0,False,0,True,2
AIZ,AIZ,ok,,2035,2014-06-02,2022-06-29,2035,1.0,True,6,False,0
AJG,AJG,ok,,2035,2014-06-02,2022-06-29,2035,1.0,False,0,True,2
AKAM,AKAM,ok,,2035,2014-06-02,2022-06-29,2035,1.0,False,0,True,7
AKR,AKR,ok,,2035,2014-06-02,2022-06-29,2035,1.0,False,0,True,1
AKRX,AKRX,missing,no_data:delisted_renamed_or_unlisted_on_yahoo,0,,,0,0.0,False,0,True,2
AKS,AKS,missing,no_data:delisted_renamed_or_unlisted_on_yahoo,0,,,0,0.0,False,0,True,2
ALB,ALB,ok,,2035,2014-06-02,2022-06-29,2035,1.0,True,7,True,2
ALE,ALE,missing,no_data:delisted_renamed_or_unlisted_on_yahoo,0,,,0,0.0,False,0,True,5
ALEX,ALEX,missing,no_data:delisted_renamed_or_unlisted_on_yahoo,0,,,0,0.0,False,0,True,4
ALG,ALG,ok,,2035,2014-06-02,2022-06-29,2035,1.0,False,0,True,2
ALGN,ALGN,ok,,2035,2014-06-02,2022-06-29,2035,1.0,True,11,True,2
ALGT,ALGT,ok,,2035,2014-06-02,2022-06-29,2035,1.0,False,0,True,3
ALK,ALK,ok,,2035,2014-06-02,2022-06-29,2035,1.0,True,1,True,2
ALL,ALL,ok,,2035,2014-06-02,2022-06-29,2035,1.0,True,3,False,0
ALLE,ALLE,ok,,2035,2014-06-02,2022-06-29,2035,1.0,False,0,True,3
ALOG,ALOG,ok,,1029,2014-06-02,2018-06-29,1029,1.0,False,0,True,6
ALXN,ALXN,missing,no_data:delisted_renamed_or_unlisted_on_yahoo,0,,,0,0.0,False,0,True,4
AMAT,AMAT,ok,,2035,2014-06-02,2022-06-29,2035,1.0,True,6,False,0
AMCX,AMCX,ok,,2035,2014-06-02,2022-06-29,2035,1.0,False,0,True,1
AMD,AMD,ok,,2035,2014-06-02,2022-06-29,2035,1.0,True,8,True,4
AME,AME,ok,,2035,2014-06-02,2022-06-29,2035,1.0,False,0,True,2
AMED,AMED,missing,no_data:delisted_renamed_or_unlisted_on_yahoo,0,,,0,0.0,False,0,True,3
AMG,AMG,ok,,2035,2014-06-02,2022-06-29,2035,1.0,True,6,True,2
AMGN,AMGN,ok,,2035,2014-06-02,2022-06-29,2035,1.0,True,1,True,2
AMP,AMP,ok,,2035,2014-06-02,2022-06-29,2035,1.0,True,8,False,0
AMPH,AMPH,ok,,2018,2014-06-25,2022-06-29,2018,1.0,False,0,True,6
AMSF,AMSF,ok,,2035,2014-06-02,2022-06-29,2035,1.0,False,0,True,4
AMT,AMT,ok,,2035,2014-06-02,2022-06-29,2035,1.0,True,10,True,3
AMWD,AMWD,ok,,2035,2014-06-02,2022-06-29,2035,1.0,False,0,True,5
AMZN,AMZN,ok,,2035,2014-06-02,2022-06-29,2035,1.0,True,11,True,7
AN,AN,ok,,2035,2014-06-02,2022-06-29,2035,1.0,True,4,True,4
ANDE,ANDE,ok,,2035,2014-06-02,2022-06-29,2035,1.0,False,0,True,3
ANDG,ANDG,missing,no_data:delisted_renamed_or_unlisted_on_yahoo,0,,,0,0.0,True,1,False,0
ANDV,ANDV,ok,,1092,2014-06-02,2018-10-01,1093,0.9991,False,0,True,3
ANET,ANET,ok,,2031,2014-06-06,2022-06-29,2031,1.0,True,8,False,0
ANF,ANF,ok,,2035,2014-06-02,2022-06-29,2035,1.0,True,5,True,5
ANGO,ANGO,ok,,2035,2014-06-02,2022-06-29,2035,1.0,False,0,True,1
ANIK,ANIK,ok,,2035,2014-06-02,2022-06-29,2035,1.0,False,0,True,2
ANIP,ANIP,ok,,2035,2014-06-02,2022-06-29,2035,1.0,False,0,True,4
ANSS,ANSS,ok,,2036,2014-06-02,2022-06-30,2036,1.0,True,8,True,6
ANTM,ANTM,missing,no_data:delisted_renamed_or_unlisted_on_yahoo,0,,,0,0.0,False,0,True,2
AON,AON,ok,,2035,2014-06-02,2022-06-29,2035,1.0,False,0,True,1
AOS,AOS,ok,,2035,2014-06-02,2022-06-29,2035,1.0,False,0,True,2
APA,APA,ok,,2035,2014-06-02,2022-06-29,2035,1.0,True,8,True,1
APC,APC,missing,no_data:delisted_renamed_or_unlisted_on_yahoo,0,,,0,0.0,False,0,True,1
APD,APD,ok,,2035,2014-06-02,2022-06-29,2035,1.0,True,7,True,2
APEI,APEI,ok,,2035,2014-06-02,2022-06-29,2035,1.0,False,0,True,4
APH,APH,ok,,2035,2014-06-02,2022-06-29,2035,1.0,False,0,True,1
APOG,APOG,ok,,2035,2014-06-02,2022-06-29,2035,1.0,False,0,True,2
ARE,ARE,ok,,2035,2014-06-02,2022-06-29,2035,1.0,False,0,True,2
ARI,ARI,ok,,2035,2014-06-02,2022-06-29,2035,1.0,False,0,True,3
AROC,AROC,ok,,2035,2014-06-02,2022-06-29,2035,1.0,False,0,True,1
ARR,ARR,ok,,2035,2014-06-02,2022-06-29,2035,1.0,False,0,True,2
ARRS,ARRS,missing,no_data:delisted_renamed_or_unlisted_on_yahoo,0,,,0,0.0,False,0,True,2
ARW,ARW,ok,,2035,2014-06-02,2022-06-29,2035,1.0,False,0,True,4
ASB,ASB,ok,,2035,2014-06-02,2022-06-29,2035,1.0,False,0,True,1
ASGN,ASGN,ok,,2035,2014-06-02,2022-06-29,2035,1.0,False,0,True,3
ASH,ASH,ok,,2035,2014-06-02,2022-06-29,2035,1.0,True,1,True,2
ASIX,ASIX,ok,,1457,2016-09-15,2022-06-29,1457,1.0,False,0,True,1
ASNA,ASNA,missing,no_data:delisted_renamed_or_unlisted_on_yahoo,0,,,0,0.0,False,0,True,5
ASTE,ASTE,ok,,2035,2014-06-02,2022-06-29,2035,1.0,False,0,True,2
ATGE,ATGE,missing,no_data:delisted_renamed_or_unlisted_on_yahoo,0,,,0,0.0,False,0,True,4
ATI,ATI,ok,,2035,2014-06-02,2022-06-29,2035,1.0,False,0,True,2
ATNI,ATNI,ok,,2035,2014-06-02,2022-06-29,2035,1.0,False,0,True,2
ATO,ATO,ok,,2035,2014-06-02,2022-06-29,2035,1.0,True,7,True,3
ATR,ATR,ok,,2035,2014-06-02,2022-06-29,2035,1.0,False,0,True,1
ATVI,ATVI,missing,no_data:delisted_renamed_or_unlisted_on_yahoo,0,,,0,0.0,False,0,True,3
AVA,AVA,ok,,2035,2014-06-02,2022-06-29,2035,1.0,False,0,True,7
AVB,AVB,ok,,2035,2014-06-02,2022-06-29,2035,1.0,True,5,True,1
AVGO,AVGO,ok,,2035,2014-06-02,2022-06-29,2035,1.0,False,0,True,2
AVT,AVT,ok,,2035,2014-06-02,2022-06-29,2035,1.0,False,0,True,3
AVY,AVY,ok,,2035,2014-06-02,2022-06-29,2035,1.0,True,9,True,8
AWK,AWK,ok,,2035,2014-06-02,2022-06-29,2035,1.0,True,5,True,3
AWR,AWR,ok,,2035,2014-06-02,2022-06-29,2035,1.0,False,0,True,3
AXE,AXE,missing,no_data:delisted_renamed_or_unlisted_on_yahoo,0,,,0,0.0,False,0,True,2
AXL,AXL,missing,no_data:delisted_renamed_or_unlisted_on_yahoo,0,,,0,0.0,False,0,True,4
AXP,AXP,ok,,2035,2014-06-02,2022-06-29,2035,1.0,True,8,True,6
AYI,AYI,ok,,2035,2014-06-02,2022-06-29,2035,1.0,True,1,True,1
AZO,AZO,ok,,2035,2014-06-02,2022-06-29,2035,1.0,True,5,True,5
AZZ,AZZ,ok,,2035,2014-06-02,2022-06-29,2035,1.0,False,0,True,3
B,B,ok,,2035,2014-06-02,2022-06-29,2035,1.0,False,0,True,4
BA,BA,ok,,2035,2014-06-02,2022-06-29,2035,1.0,True,8,True,3
BAC,BAC,ok,,2035,2014-06-02,2022-06-29,2035,1.0,True,7,True,1
BANC,BANC,ok,,2035,2014-06-02,2022-06-29,2035,1.0,False,0,True,1
BANR,BANR,ok,,2035,2014-06-02,2022-06-29,2035,1.0,False,0,True,2
BAX,BAX,ok,,2035,2014-06-02,2022-06-29,2035,1.0,True,7,True,2
BBBY,BBBY,ok,,2035,2014-06-02,2022-06-29,2035,1.0,False,0,True,5
BBT,BBT,ok,,2035,2014-06-02,2022-06-29,2035,1.0,False,0,True,5
BBWI,BBWI,ok,,2035,2014-06-02,2022-06-29,2035,1.0,True,2,False,0
BBY,BBY,ok,,2035,2014-06-02,2022-06-29,2035,1.0,False,0,True,1
BC,BC,ok,,2035,2014-06-02,2022-06-29,2035,1.0,True,10,True,1
BCC,BCC,ok,,2035,2014-06-02,2022-06-29,2035,1.0,False,0,True,1
BCO,BCO,ok,,2035,2014-06-02,2022-06-29,2035,1.0,False,0,True,3
BCOR,BCOR,missing,no_data:delisted_renamed_or_unlisted_on_yahoo,0,,,0,0.0,False,0,True,3
BCPC,BCPC,ok,,2035,2014-06-02,2022-06-29,2035,1.0,False,0,True,1
BDX,BDX,ok,,2035,2014-06-02,2022-06-29,2035,1.0,True,6,True,3
BEL,BEL,missing,no_data:delisted_renamed_or_unlisted_on_yahoo,0,,,0,0.0,False,0,True,3
BELFB,BELFB,ok,,2035,2014-06-02,2022-06-29,2035,1.0,False,0,True,2
BEN,BEN,ok,,2035,2014-06-02,2022-06-29,2035,1.0,False,0,True,4
BG,BG,ok,,2035,2014-06-02,2022-06-29,2035,1.0,True,11,False,0
BGC,BGC,ok,,2035,2014-06-02,2022-06-29,2035,1.0,False,0,True,1
BGFV,BGFV,missing,no_data:delisted_renamed_or_unlisted_on_yahoo,0,,,0,0.0,False,0,True,8
BGG,BGG,missing,no_data:delisted_renamed_or_unlisted_on_yahoo,0,,,0,0.0,False,0,True,2
BGS,BGS,ok,,2035,2014-06-02,2022-06-29,2035,1.0,False,0,True,2
BHE,BHE,ok,,2035,2014-06-02,2022-06-29,2035,1.0,False,0,True,3
BHF,BHF,ok,,1248,2017-07-17,2022-06-29,1248,1.0,True,4,False,0
BID,BID,missing,no_data:delisted_renamed_or_unlisted_on_yahoo,0,,,0,0.0,False,0,True,4
BIG,BIG,missing,no_data:delisted_renamed_or_unlisted_on_yahoo,0,,,0,0.0,False,0,True,3
BIIB,BIIB,ok,,2035,2014-06-02,2022-06-29,2035,1.0,True,6,False,0
BIO,BIO,ok,,2035,2014-06-02,2022-06-29,2035,1.0,False,0,True,1
BJRI,BJRI,ok,,2035,2014-06-02,2022-06-29,2035,1.0,False,0,True,3
BKE,BKE,ok,,2035,2014-06-02,2022-06-29,2035,1.0,False,0,True,7
BKH,BKH,ok,,2035,2014-06-02,2022-06-29,2035,1.0,False,0,True,1
BKNG,BKNG,ok,,2035,2014-06-02,2022-06-29,2035,1.0,False,0,True,6
BKR,BKR,ok,,2035,2014-06-02,2022-06-29,2035,1.0,True,1,False,0
BKS,BKS,missing,no_data:delisted_renamed_or_unlisted_on_yahoo,0,,,0,0.0,False,0,True,6
BLD,BLD,ok,,1772,2015-06-17,2022-06-29,1772,1.0,False,0,True,2
BLDR,BLDR,ok,,2035,2014-06-02,2022-06-29,2035,1.0,True,5,False,0
BLK,BLK,ok,,2035,2014-06-02,2022-06-29,2035,1.0,True,4,False,0
BLL,BLL,missing,no_data:delisted_renamed_or_unlisted_on_yahoo,0,,,0,0.0,False,0,True,3
BMI,BMI,ok,,2035,2014-06-02,2022-06-29,2035,1.0,False,0,True,2
BMS,BMS,ok,,1265,2014-06-02,2019-06-10,1265,1.0,False,0,True,1
BMY,BMY,ok,,2035,2014-06-02,2022-06-29,2035,1.0,True,5,True,1
BNED,BNED,ok,,1747,2015-07-23,2022-06-29,1747,1.0,False,0,True,3
BNY,BNY,ok,,2035,2014-06-02,2022-06-29,2035,1.0,True,9,False,0
BOBE,BOBE,missing,no_data:delisted_renamed_or_unlisted_on_yahoo,0,,,0,0.0,False,0,True,1
BOH,BOH,ok,,2035,2014-06-02,2022-06-29,2035,1.0,False,0,True,1
BPFH,BPFH,missing,no_data:delisted_renamed_or_unlisted_on_yahoo,0,,,0,0.0,False,0,True,4
BR,BR,ok,,2035,2014-06-02,2022-06-29,2035,1.0,True,8,False,0
BRC,BRC,ok,,2035,2014-06-02,2022-06-29,2035,1.0,False,0,True,4
BRO,BRO,ok,,2035,2014-06-02,2022-06-29,2035,1.0,True,7,True,1
BRS,BRS,missing,no_data:delisted_renamed_or_unlisted_on_yahoo,0,,,0,0.0,False,0,True,2
BSX,BSX,ok,,2035,2014-06-02,2022-06-29,2035,1.0,True,9,False,0
BWA,BWA,ok,,2035,2014-06-02,2022-06-29,2035,1.0,True,10,True,3
BX,BX,ok,,2035,2014-06-02,2022-06-29,2035,1.0,True,9,False,0
BXP,BXP,ok,,2035,2014-06-02,2022-06-29,2035,1.0,True,5,True,2
BYD,BYD,ok,,2035,2014-06-02,2022-06-29,2035,1.0,False,0,True,2
C,C,ok,,2035,2014-06-02,2022-06-29,2035,1.0,True,8,True,2
CA,CA,missing,no_data:delisted_renamed_or_unlisted_on_yahoo,0,,,0,0.0,False,0,True,2
CABO,CABO,ok,,1776,2015-06-11,2022-06-29,1776,1.0,False,0,True,4
CACI,CACI,ok,,2035,2014-06-02,2022-06-29,2035,1.0,False,0,True,2
CAG,CAG,ok,,2035,2014-06-02,2022-06-29,2035,1.0,True,7,True,2
CAH,CAH,ok,,2035,2014-06-02,2022-06-29,2035,1.0,True,10,True,2
CAKE,CAKE,ok,,2035,2014-06-02,2022-06-29,2035,1.0,False,0,True,2
CAL,CAL,ok,,2035,2014-06-02,2022-06-29,2035,1.0,False,0,True,1
CAMP,CAMP,missing,no_data:delisted_renamed_or_unlisted_on_yahoo,0,,,0,0.0,False,0,True,2
CAR,CAR,ok,,2035,2014-06-02,2022-06-29,2035,1.0,True,6,False,0
CARR,CARR,ok,,575,2020-03-19,2022-06-29,575,1.0,True,5,False,0
CASH,CASH,ok,,2035,2014-06-02,2022-06-29,2035,1.0,False,0,True,2
CASY,CASY,ok,,2035,2014-06-02,2022-06-29,2035,1.0,False,0,True,1
CAT,CAT,ok,,2035,2014-06-02,2022-06-29,2035,1.0,True,9,True,4
CATM,CATM,missing,no_data:delisted_renamed_or_unlisted_on_yahoo,0,,,0,0.0,False,0,True,2
CATY,CATY,ok,,2035,2014-06-02,2022-06-29,2035,1.0,False,0,True,5
CB,CB,ok,,2035,2014-06-02,2022-06-29,2035,1.0,False,0,True,2
CBB,CBB,missing,no_data:delisted_renamed_or_unlisted_on_yahoo,0,,,0,0.0,False,0,True,4
CBG,CBG,missing,no_data:delisted_renamed_or_unlisted_on_yahoo,0,,,0,0.0,False,0,True,1
CBL,CBL,ok,,165,2021-11-02,2022-06-29,165,1.0,False,0,True,1
CBM,CBM,missing,no_data:delisted_renamed_or_unlisted_on_yahoo,0,,,0,0.0,False,0,True,1
CBOE,CBOE,ok,,2035,2014-06-02,2022-06-29,2035,1.0,True,9,True,3
CBRE,CBRE,ok,,2035,2014-06-02,2022-06-29,2035,1.0,True,6,False,0
CBRL,CBRL,ok,,2035,2014-06-02,2022-06-29,2035,1.0,False,0,True,1
CBT,CBT,ok,,2035,2014-06-02,2022-06-29,2035,1.0,False,0,True,2
CBU,CBU,ok,,2035,2014-06-02,2022-06-29,2035,1.0,False,0,True,5
CC,CC,ok,,1770,2015-06-19,2022-06-29,1770,1.0,False,0,True,1
CCI,CCI,ok,,2035,2014-06-02,2022-06-29,2035,1.0,True,8,True,2
CCL,CCL,ok,,2035,2014-06-02,2022-06-29,2035,1.0,False,0,True,3
CCMP,CCMP,missing,no_data:delisted_renamed_or_unlisted_on_yahoo,0,,,0,0.0,False,0,True,4
CCRN,CCRN,ok,,2035,2014-06-02,2022-06-29,2035,1.0,False,0,True,1
CDNS,CDNS,ok,,2035,2014-06-02,2022-06-29,2035,1.0,False,0,True,2
CDR,CDR,missing,no_data:delisted_renamed_or_unlisted_on_yahoo,0,,,0,0.0,False,0,True,3
CDW,CDW,ok,,2035,2014-06-02,2022-06-29,2035,1.0,True,10,False,0
CE,CE,ok,,2035,2014-06-02,2022-06-29,2035,1.0,True,1,False,0
CECO,CECO,ok,,2035,2014-06-02,2022-06-29,2035,1.0,False,0,True,3
CELG,CELG,missing,no_data:delisted_renamed_or_unlisted_on_yahoo,0,,,0,0.0,False,0,True,1
CENTA,CENTA,ok,,2035,2014-06-02,2022-06-29,2035,1.0,False,0,True,1
CENX,CENX,ok,,2035,2014-06-02,2022-06-29,2035,1.0,False,0,True,1
CEVA,CEVA,ok,,2035,2014-06-02,2022-06-29,2035,1.0,False,0,True,3
CF,CF,ok,,2035,2014-06-02,2022-06-29,2035,1.0,True,9,True,2
CFG,CFG,ok,,1955,2014-09-24,2022-06-29,1955,1.0,True,4,False,0
CFR,CFR,ok,,2035,2014-06-02,2022-06-29,2035,1.0,False,0,True,2
CGNX,CGNX,ok,,2035,2014-06-02,2022-06-29,2035,1.0,False,0,True,1
CHCT,CHCT,ok,,1791,2015-05-20,2022-06-29,1791,1.0,False,0,True,5
CHD,CHD,ok,,2035,2014-06-02,2022-06-29,2035,1.0,True,2,True,2
CHE,CHE,ok,,2035,2014-06-02,2022-06-29,2035,1.0,False,0,True,5
CHFC,CHFC,missing,no_data:delisted_renamed_or_unlisted_on_yahoo,0,,,0,0.0,False,0,True,1
CHK,CHK,missing,no_data:delisted_renamed_or_unlisted_on_yahoo,0,,,0,0.0,False,0,True,5
CHRW,CHRW,ok,,2035,2014-06-02,2022-06-29,2035,1.0,True,6,False,0
CHS,CHS,missing,no_data:delisted_renamed_or_unlisted_on_yahoo,0,,,0,0.0,False,0,True,4
CHSP,CHSP,missing,no_data:delisted_renamed_or_unlisted_on_yahoo,0,,,0,0.0,False,0,True,1
CHTR,CHTR,ok,,2035,2014-06-02,2022-06-29,2035,1.0,True,9,True,2
CHUY,CHUY,missing,no_data:delisted_renamed_or_unlisted_on_yahoo,0,,,0,0.0,False,0,True,4
CI,CI,ok,,2035,2014-06-02,2022-06-29,2035,1.0,True,5,True,2
CIEN,CIEN,ok,,2035,2014-06-02,2022-06-29,2035,1.0,True,8,True,3
CINF,CINF,ok,,2035,2014-06-02,2022-06-29,2035,1.0,False,0,True,3
CIR,CIR,missing,no_data:delisted_renamed_or_unlisted_on_yahoo,0,,,0,0.0,False,0,True,5
CL,CL,ok,,2035,2014-06-02,2022-06-29,2035,1.0,True,1,True,4
CLB,CLB,ok,,2035,2014-06-02,2022-06-29,2035,1.0,False,0,True,1
CLD,CLD,missing,no_data:delisted_renamed_or_unlisted_on_yahoo,0,,,0,0.0,False,0,True,4
CLDT,CLDT,ok,,2035,2014-06-02,2022-06-29,2035,1.0,False,0,True,8
CLGX,CLGX,missing,no_data:delisted_renamed_or_unlisted_on_yahoo,0,,,0,0.0,False,0,True,3
CLH,CLH,ok,,2035,2014-06-02,2022-06-29,2035,1.0,False,0,True,2
CLI,CLI,missing,no_data:delisted_renamed_or_unlisted_on_yahoo,0,,,0,0.0,False,0,True,3
CLW,CLW,ok,,2035,2014-06-02,2022-06-29,2035,1.0,False,0,True,1
CLX,CLX,ok,,2035,2014-06-02,2022-06-29,2035,1.0,True,8,True,3
CMA,CMA,ok,,2036,2014-06-02,2022-06-30,2036,1.0,True,11,True,1
CMC,CMC,ok,,2035,2014-06-02,2022-06-29,2035,1.0,False,0,True,3
CMCSA,CMCSA,ok,,2035,2014-06-02,2022-06-29,2035,1.0,True,8,True,6
CME,CME,ok,,2035,2014-06-02,2022-06-29,2035,1.0,False,0,True,5
CMG,CMG,ok,,2035,2014-06-02,2022-06-29,2035,1.0,False,0,True,4
CMI,CMI,ok,,2035,2014-06-02,2022-06-29,2035,1.0,True,10,True,2
CMO,CMO,missing,no_data:delisted_renamed_or_unlisted_on_yahoo,0,,,0,0.0,False,0,True,4
CMP,CMP,ok,,2035,2014-06-02,2022-06-29,2035,1.0,False,0,True,2
CMS,CMS,ok,,2035,2014-06-02,2022-06-29,2035,1.0,True,6,True,4
CMTL,CMTL,ok,,2035,2014-06-02,2022-06-29,2035,1.0,False,0,True,1
CNC,CNC,ok,,2035,2014-06-02,2022-06-29,2035,1.0,False,0,True,5
CNK,CNK,ok,,2035,2014-06-02,2022-06-29,2035,1.0,False,0,True,6
CNMD,CNMD,ok,,2035,2014-06-02,2022-06-29,2035,1.0,False,0,True,1
CNP,CNP,ok,,2035,2014-06-02,2022-06-29,2035,1.0,False,0,True,2
CNSL,CNSL,missing,no_data:delisted_renamed_or_unlisted_on_yahoo,0,,,0,0.0,False,0,True,7
CNX,CNX,ok,,2035,2014-06-02,2022-06-29,2035,1.0,True,3,False,0
COF,COF,ok,,2035,2014-06-02,2022-06-29,2035,1.0,True,8,True,1
COG,COG,missing,no_data:delisted_renamed_or_unlisted_on_yahoo,0,,,0,0.0,False,0,True,5
COHR,COHR,ok,,2035,2014-06-02,2022-06-29,2035,1.0,False,0,True,1
COL,COL,ok,,1606,2014-06-02,2020-11-30,1638,0.9805,False,0,True,4
COLB,COLB,ok,,2035,2014-06-02,2022-06-29,2035,1.0,False,0,True,4
CONE,CONE,missing,no_data:delisted_renamed_or_unlisted_on_yahoo,0,,,0,0.0,False,0,True,2
COO,COO,ok,,2035,2014-06-02,2022-06-29,2035,1.0,True,4,True,2
COP,COP,ok,,2035,2014-06-02,2022-06-29,2035,1.0,True,7,True,1
COR,COR,ok,,2035,2014-06-02,2022-06-29,2035,1.0,False,0,True,1
CORE,CORE,missing,no_data:delisted_renamed_or_unlisted_on_yahoo,0,,,0,0.0,False,0,True,3
CORT,CORT,ok,,2035,2014-06-02,2022-06-29,2035,1.0,False,0,True,3
COST,COST,ok,,2035,2014-06-02,2022-06-29,2035,1.0,False,0,True,2
COTY,COTY,ok,,2035,2014-06-02,2022-06-29,2035,1.0,True,6,True,5
CPB,CPB,ok,,2035,2014-06-02,2022-06-29,2035,1.0,True,8,True,4
CPE,CPE,missing,no_data:delisted_renamed_or_unlisted_on_yahoo,0,,,0,0.0,False,0,True,2
CPF,CPF,ok,,2035,2014-06-02,2022-06-29,2035,1.0,False,0,True,6
CPLA,CPLA,ok,,1048,2014-06-02,2018-07-31,1050,0.9981,False,0,True,1
CPRT,CPRT,ok,,2035,2014-06-02,2022-06-29,2035,1.0,False,0,True,3
CPSI,CPSI,missing,no_data:delisted_renamed_or_unlisted_on_yahoo,0,,,0,0.0,False,0,True,2
CPT,CPT,ok,,2035,2014-06-02,2022-06-29,2035,1.0,True,2,False,0
CRAY,CRAY,missing,no_data:delisted_renamed_or_unlisted_on_yahoo,0,,,0,0.0,False,0,True,4
CREE,CREE,missing,no_data:delisted_renamed_or_unlisted_on_yahoo,0,,,0,0.0,False,0,True,1
CRI,CRI,ok,,2035,2014-06-02,2022-06-29,2035,1.0,False,0,True,3
CRL,CRL,ok,,2035,2014-06-02,2022-06-29,2035,1.0,True,6,True,2
CRM,CRM,ok,,2035,2014-06-02,2022-06-29,2035,1.0,True,6,True,1
CROX,CROX,ok,,2035,2014-06-02,2022-06-29,2035,1.0,False,0,True,2
CRR,CRR,missing,no_data:delisted_renamed_or_unlisted_on_yahoo,0,,,0,0.0,False,0,True,1
CRS,CRS,ok,,2035,2014-06-02,2022-06-29,2035,1.0,False,0,True,3
CRUS,CRUS,ok,,2035,2014-06-02,2022-06-29,2035,1.0,False,0,True,6
CRVL,CRVL,ok,,2035,2014-06-02,2022-06-29,2035,1.0,False,0,True,5
CRY,CRY,missing,no_data:delisted_renamed_or_unlisted_on_yahoo,0,,,0,0.0,False,0,True,1
CRZO,CRZO,missing,no_data:delisted_renamed_or_unlisted_on_yahoo,0,,,0,0.0,False,0,True,1
CSCO,CSCO,ok,,2035,2014-06-02,2022-06-29,2035,1.0,True,11,True,2
CSGS,CSGS,ok,,2035,2014-06-02,2022-06-29,2035,1.0,False,0,True,2
CSL,CSL,ok,,2035,2014-06-02,2022-06-29,2035,1.0,False,0,True,4
CSX,CSX,ok,,2035,2014-06-02,2022-06-29,2035,1.0,True,9,True,2
CTAS,CTAS,ok,,2035,2014-06-02,2022-06-29,2035,1.0,False,0,True,1
CTB,CTB,missing,no_data:delisted_renamed_or_unlisted_on_yahoo,0,,,0,0.0,False,0,True,4
CTL,CTL,missing,no_data:delisted_renamed_or_unlisted_on_yahoo,0,,,0,0.0,False,0,True,8
CTLT,CTLT,ok,,1994,2014-07-31,2022-06-30,1994,1.0,True,6,True,2
CTRA,CTRA,ok,,2035,2014-06-02,2022-06-29,2035,1.0,True,1,False,0
CTRE,CTRE,ok,,2035,2014-06-02,2022-06-29,2035,1.0,False,0,True,3
CTRL,CTRL,missing,no_data:delisted_renamed_or_unlisted_on_yahoo,0,,,0,0.0,False,0,True,3
CTS,CTS,ok,,2035,2014-06-02,2022-06-29,2035,1.0,False,0,True,1
CTSH,CTSH,ok,,2035,2014-06-02,2022-06-29,2035,1.0,True,9,True,2
CTVA,CTVA,ok,,781,2019-05-24,2022-06-29,781,1.0,True,7,False,0
CTXS,CTXS,missing,no_data:delisted_renamed_or_unlisted_on_yahoo,0,,,0,0.0,False,0,True,3
CUB,CUB,missing,no_data:delisted_renamed_or_unlisted_on_yahoo,0,,,0,0.0,False,0,True,4
CUBI,CUBI,ok,,2035,2014-06-02,2022-06-29,2035,1.0,False,0,True,4
CUTR,CUTR,missing,no_data:delisted_renamed_or_unlisted_on_yahoo,0,,,0,0.0,False,0,True,4
CUZ,CUZ,ok,,2035,2014-06-02,2022-06-29,2035,1.0,False,0,True,3
CVCO,CVCO,ok,,2035,2014-06-02,2022-06-29,2035,1.0,False,0,True,5
CVG,CVG,ok,,1993,2014-06-02,2022-06-29,2035,0.9794,False,0,True,2
CVLT,CVLT,ok,,2035,2014-06-02,2022-06-29,2035,1.0,False,0,True,2
CVS,CVS,ok,,2035,2014-06-02,2022-06-29,2035,1.0,True,9,True,4
CVX,CVX,ok,,2035,2014-06-02,2022-06-29,2035,1.0,True,8,True,5
CW,CW,ok,,2035,2014-06-02,2022-06-29,2035,1.0,False,0,True,1
CWT,CWT,ok,,2035,2014-06-02,2022-06-29,2035,1.0,False,0,True,2
CXO,CXO,missing,no_data:delisted_renamed_or_unlisted_on_yahoo,0,,,0,0.0,False,0,True,1
CY,CY,missing,no_data:delisted_renamed_or_unlisted_on_yahoo,0,,,0,0.0,False,0,True,3
CYH,CYH,ok,,2035,2014-06-02,2022-06-29,2035,1.0,False,0,True,1
CYTK,CYTK,ok,,2035,2014-06-02,2022-06-29,2035,1.0,False,0,True,5
D,D,ok,,2035,2014-06-02,2022-06-29,2035,1.0,True,7,True,4
DAKT,DAKT,ok,,2035,2014-06-02,2022-06-29,2035,1.0,False,0,True,9
DAL,DAL,ok,,2035,2014-06-02,2022-06-29,2035,1.0,False,0,True,1
DAN,DAN,ok,,2035,2014-06-02,2022-06-29,2035,1.0,False,0,True,5
DBD,DBD,missing,no_data:delisted_renamed_or_unlisted_on_yahoo,0,,,0,0.0,False,0,True,1
DCI,DCI,ok,,2035,2014-06-02,2022-06-29,2035,1.0,False,0,True,3
DD,DD,ok,,2035,2014-06-02,2022-06-29,2035,1.0,True,4,False,0
DDD,DDD,ok,,2035,2014-06-02,2022-06-29,2035,1.0,False,0,True,4
DE,DE,ok,,2035,2014-06-02,2022-06-29,2035,1.0,True,8,True,4
DEA,DEA,ok,,1862,2015-02-06,2022-06-29,1862,1.0,False,0,True,5
DECK,DECK,ok,,2035,2014-06-02,2022-06-29,2035,1.0,False,0,True,1
DEI,DEI,ok,,2035,2014-06-02,2022-06-29,2035,1.0,False,0,True,1
DF,DF,missing,no_data:delisted_renamed_or_unlisted_on_yahoo,0,,,0,0.0,False,0,True,2
DFS,DFS,ok,,2036,2014-06-02,2022-06-30,2036,1.0,True,6,True,2
DGII,DGII,ok,,2035,2014-06-02,2022-06-29,2035,1.0,False,0,True,2
DGX,DGX,ok,,2035,2014-06-02,2022-06-29,2035,1.0,False,0,True,6
DHI,DHI,ok,,2035,2014-06-02,2022-06-29,2035,1.0,True,10,True,2
DHR,DHR,ok,,2035,2014-06-02,2022-06-29,2035,1.0,True,7,True,3
DHX,DHX,ok,,2035,2014-06-02,2022-06-29,2035,1.0,False,0,True,4
DIN,DIN,ok,,2035,2014-06-02,2022-06-29,2035,1.0,False,0,True,5
DIOD,DIOD,ok,,2035,2014-06-02,2022-06-29,2035,1.0,False,0,True,3
DIS,DIS,ok,,2035,2014-06-02,2022-06-29,2035,1.0,False,0,True,7
DISCA,DISCA,missing,no_data:delisted_renamed_or_unlisted_on_yahoo,0,,,0,0.0,False,0,True,1
DISH,DISH,missing,no_data:delisted_renamed_or_unlisted_on_yahoo,0,,,0,0.0,False,0,True,6
DKS,DKS,ok,,2035,2014-06-02,2022-06-29,2035,1.0,False,0,True,4
DLR,DLR,ok,,2035,2014-06-02,2022-06-29,2035,1.0,True,7,True,2
DLTR,DLTR,ok,,2035,2014-06-02,2022-06-29,2035,1.0,False,0,True,2
DLX,DLX,ok,,2035,2014-06-02,2022-06-29,2035,1.0,False,0,True,1
DNKN,DNKN,missing,no_data:delisted_renamed_or_unlisted_on_yahoo,0,,,0,0.0,False,0,True,1
DNOW,DNOW,ok,,2035,2014-06-02,2022-06-29,2035,1.0,False,0,True,1
DNR,DNR,missing,no_data:delisted_renamed_or_unlisted_on_yahoo,0,,,0,0.0,False,0,True,1
DO,DO,missing,no_data:delisted_renamed_or_unlisted_on_yahoo,0,,,0,0.0,False,0,True,2
DOV,DOV,ok,,2035,2014-06-02,2022-06-29,2035,1.0,True,11,True,3
DOW,DOW,ok,,827,2019-03-20,2022-06-29,827,1.0,True,4,False,0
DPLO,DPLO,missing,no_data:delisted_renamed_or_unlisted_on_yahoo,0,,,0,0.0,False,0,True,1
DPZ,DPZ,ok,,2035,2014-06-02,2022-06-29,2035,1.0,True,3,True,1
DRE,DRE,missing,no_data:delisted_renamed_or_unlisted_on_yahoo,0,,,0,0.0,False,0,True,1
DRH,DRH,ok,,2035,2014-06-02,2022-06-29,2035,1.0,False,0,True,2
DRI,DRI,ok,,2035,2014-06-02,2022-06-29,2035,1.0,True,9,True,1
DSPG,DSPG,missing,no_data:delisted_renamed_or_unlisted_on_yahoo,0,,,0,0.0,False,0,True,3
DSW,DSW,missing,no_data:delisted_renamed_or_unlisted_on_yahoo,0,,,0,0.0,False,0,True,5
DTE,DTE,ok,,2035,2014-06-02,2022-06-29,2035,1.0,False,0,True,1
DUK,DUK,ok,,2035,2014-06-02,2022-06-29,2035,1.0,True,8,True,3
DVA,DVA,ok,,2035,2014-06-02,2022-06-29,2035,1.0,False,0,True,3
DVN,DVN,ok,,2035,2014-06-02,2022-06-29,2035,1.0,True,10,True,3
DXC,DXC,ok,,2035,2014-06-02,2022-06-29,2035,1.0,True,10,False,0
DXCM,DXCM,ok,,2035,2014-06-02,2022-06-29,2035,1.0,True,9,False,0
DY,DY,ok,,2035,2014-06-02,2022-06-29,2035,1.0,False,0,True,3
EA,EA,ok,,2035,2014-06-02,2022-06-29,2035,1.0,True,6,True,2
EAT,EAT,ok,,2035,2014-06-02,2022-06-29,2035,1.0,False,0,True,3
EBAY,EBAY,ok,,2035,2014-06-02,2022-06-29,2035,1.0,True,10,True,2
EBIX,EBIX,missing,no_data:delisted_renamed_or_unlisted_on_yahoo,0,,,0,0.0,False,0,True,5
EBS,EBS,ok,,2035,2014-06-02,2022-06-29,2035,1.0,False,0,True,6
ECHO,ECHO,missing,no_data:delisted_renamed_or_unlisted_on_yahoo,0,,,0,0.0,False,0,True,4
ECL,ECL,ok,,2035,2014-06-02,2022-06-29,2035,1.0,True,3,True,4
ECOL,ECOL,missing,no_data:delisted_renamed_or_unlisted_on_yahoo,0,,,0,0.0,False,0,True,2
ECPG,ECPG,ok,,2035,2014-06-02,2022-06-29,2035,1.0,False,0,True,2
EDR,EDR,missing,no_data:delisted_renamed_or_unlisted_on_yahoo,0,,,0,0.0,False,0,True,4
EE,EE,ok,,53,2022-04-13,2022-06-29,53,1.0,False,0,True,2
EFII,EFII,missing,no_data:delisted_renamed_or_unlisted_on_yahoo,0,,,0,0.0,False,0,True,3
EFX,EFX,ok,,2035,2014-06-02,2022-06-29,2035,1.0,True,10,True,2
EG,EG,ok,,2035,2014-06-02,2022-06-29,2035,1.0,True,1,False,0
EGHT,EGHT,ok,,2035,2014-06-02,2022-06-29,2035,1.0,False,0,True,4
EGL,EGL,ok,,939,2015-04-23,2019-01-14,939,1.0,False,0,True,1
EGN,EGN,ok,,1135,2014-06-02,2018-11-30,1136,0.9991,False,0,True,1
EGOV,EGOV,missing,no_data:delisted_renamed_or_unlisted_on_yahoo,0,,,0,0.0,False,0,True,2
EGP,EGP,ok,,2035,2014-06-02,2022-06-29,2035,1.0,False,0,True,1
EGRX,EGRX,ok,,2035,2014-06-02,2022-06-29,2035,1.0,False,0,True,3
EHC,EHC,ok,,2035,2014-06-02,2022-06-29,2035,1.0,True,6,False,0
EHTH,EHTH,ok,,2035,2014-06-02,2022-06-29,2035,1.0,False,0,True,3
EIG,EIG,ok,,2035,2014-06-02,2022-06-29,2035,1.0,False,0,True,6
EIX,EIX,ok,,2035,2014-06-02,2022-06-29,2035,1.0,True,10,False,0
EL,EL,ok,,2035,2014-06-02,2022-06-29,2035,1.0,False,0,True,1
ELY,ELY,missing,no_data:delisted_renamed_or_unlisted_on_yahoo,0,,,0,0.0,False,0,True,4
EME,EME,ok,,2035,2014-06-02,2022-06-29,2035,1.0,False,0,True,1
EMN,EMN,ok,,2035,2014-06-02,2022-06-29,2035,1.0,True,10,False,0
EMR,EMR,ok,,2035,2014-06-02,2022-06-29,2035,1.0,True,7,False,0
ENDP,ENDP,missing,no_data:delisted_renamed_or_unlisted_on_yahoo,0,,,0,0.0,False,0,True,3
ENR,ENR,ok,,1775,2015-06-12,2022-06-29,1775,1.0,False,0,True,1
ENS,ENS,ok,,2035,2014-06-02,2022-06-29,2035,1.0,False,0,True,1
ENSG,ENSG,ok,,2035,2014-06-02,2022-06-29,2035,1.0,False,0,True,3
ENTA,ENTA,ok,,2035,2014-06-02,2022-06-29,2035,1.0,False,0,True,5
ENVA,ENVA,ok,,1919,2014-11-13,2022-06-29,1919,1.0,False,0,True,1
EOG,EOG,ok,,2035,2014-06-02,2022-06-29,2035,1.0,True,7,True,2
EPAM,EPAM,ok,,2035,2014-06-02,2022-06-29,2035,1.0,True,11,False,0
EPR,EPR,ok,,2035,2014-06-02,2022-06-29,2035,1.0,False,0,True,1
EQIX,EQIX,ok,,2035,2014-06-02,2022-06-29,2035,1.0,True,7,True,3
EQR,EQR,ok,,2035,2014-06-02,2022-06-29,2035,1.0,True,4,True,1
EQT,EQT,ok,,2035,2014-06-02,2022-06-29,2035,1.0,True,6,True,4
ERA,ERA,missing,no_data:delisted_renamed_or_unlisted_on_yahoo,0,,,0,0.0,False,0,True,1
ES,ES,ok,,2035,2014-06-02,2022-06-29,2035,1.0,True,6,True,2
ESE,ESE,ok,,2035,2014-06-02,2022-06-29,2035,1.0,False,0,True,10
ESL,ESL,missing,no_data:delisted_renamed_or_unlisted_on_yahoo,0,,,0,0.0,False,0,True,3
ESRX,ESRX,ok,,1149,2014-06-02,2018-12-21,1150,0.9991,False,0,True,2
ESS,ESS,ok,,2035,2014-06-02,2022-06-29,2035,1.0,True,6,False,0
ESV,ESV,missing,no_data:delisted_renamed_or_unlisted_on_yahoo,0,,,0,0.0,False,0,True,1
ETFC,ETFC,missing,no_data:delisted_renamed_or_unlisted_on_yahoo,0,,,0,0.0,False,0,True,2
ETH,ETH,missing,no_data:delisted_renamed_or_unlisted_on_yahoo,0,,,0,0.0,False,0,True,1
ETN,ETN,ok,,2035,2014-06-02,2022-06-29,2035,1.0,False,0,True,2
ETR,ETR,ok,,2035,2014-06-02,2022-06-29,2035,1.0,True,7,True,3
ETSY,ETSY,ok,,1815,2015-04-16,2022-06-29,1815,1.0,True,9,False,0
EV,EV,missing,no_data:delisted_renamed_or_unlisted_on_yahoo,0,,,0,0.0,False,0,True,3
EVR,EVR,ok,,2035,2014-06-02,2022-06-29,2035,1.0,False,0,True,3
EXC,EXC,ok,,2035,2014-06-02,2022-06-29,2035,1.0,False,0,True,1
EXP,EXP,ok,,2035,2014-06-02,2022-06-29,2035,1.0,False,0,True,2
EXPE,EXPE,ok,,2035,2014-06-02,2022-06-29,2035,1.0,False,0,True,1
EXPO,EXPO,ok,,2035,2014-06-02,2022-06-29,2035,1.0,False,0,True,8
EXPR,EXPR,missing,no_data:delisted_renamed_or_unlisted_on_yahoo,0,,,0,0.0,False,0,True,3
EXR,EXR,ok,,2035,2014-06-02,2022-06-29,2035,1.0,False,0,True,2
EXTN,EXTN,missing,no_data:delisted_renamed_or_unlisted_on_yahoo,0,,,0,0.0,False,0,True,2
EZPW,EZPW,ok,,2035,2014-06-02,2022-06-29,2035,1.0,False,0,True,3
F,F,ok,,2035,2014-06-02,2022-06-29,2035,1.0,True,6,False,0
FAF,FAF,ok,,2035,2014-06-02,2022-06-29,2035,1.0,False,0,True,4
FARO,FARO,missing,no_data:delisted_renamed_or_unlisted_on_yahoo,0,,,0,0.0,False,0,True,3
FAST,FAST,ok,,2035,2014-06-02,2022-06-29,2035,1.0,True,11,True,2
FB,FB,missing,no_data:delisted_renamed_or_unlisted_on_yahoo,0,,,0,0.0,False,0,True,1
FBHS,FBHS,missing,no_data:delisted_renamed_or_unlisted_on_yahoo,0,,,0,0.0,False,0,True,1
FCF,FCF,ok,,2035,2014-06-02,2022-06-29,2035,1.0,False,0,True,7
FCN,FCN,ok,,2035,2014-06-02,2022-06-29,2035,1.0,False,0,True,2
FCPT,FCPT,ok,,1670,2015-11-10,2022-06-29,1670,1.0,False,0,True,7
FCX,FCX,ok,,2035,2014-06-02,2022-06-29,2035,1.0,True,5,True,1
FDS,FDS,ok,,2035,2014-06-02,2022-06-29,2035,1.0,True,6,True,1
FE,FE,ok,,2035,2014-06-02,2022-06-29,2035,1.0,False,0,True,4
FELE,FELE,ok,,2035,2014-06-02,2022-06-29,2035,1.0,False,0,True,3
FFBC,FFBC,ok,,2035,2014-06-02,2022-06-29,2035,1.0,False,0,True,3
FFIV,FFIV,ok,,2035,2014-06-02,2022-06-29,2035,1.0,True,1,False,0
FHN,FHN,ok,,2035,2014-06-02,2022-06-29,2035,1.0,True,8,True,2
FICO,FICO,ok,,2035,2014-06-02,2022-06-29,2035,1.0,True,9,True,1
FII,FII,missing,no_data:delisted_renamed_or_unlisted_on_yahoo,0,,,0,0.0,False,0,True,3
FINL,FINL,ok,,1025,2014-06-02,2018-06-27,1027,0.9981,False,0,True,1
FIS,FIS,ok,,2035,2014-06-02,2022-06-29,2035,1.0,True,6,True,4
FISV,FISV,ok,,2035,2014-06-02,2022-06-29,2035,1.0,False,0,True,3
FITB,FITB,ok,,2035,2014-06-02,2022-06-29,2035,1.0,True,7,True,2
FIVE,FIVE,ok,,2035,2014-06-02,2022-06-29,2035,1.0,False,0,True,2
FL,FL,missing,no_data:delisted_renamed_or_unlisted_on_yahoo,0,,,0,0.0,False,0,True,5
FLIR,FLIR,missing,no_data:delisted_renamed_or_unlisted_on_yahoo,0,,,0,0.0,False,0,True,3
FLO,FLO,ok,,2035,2014-06-02,2022-06-29,2035,1.0,False,0,True,2
FLOW,FLOW,missing,no_data:delisted_renamed_or_unlisted_on_yahoo,0,,,0,0.0,False,0,True,1
FLR,FLR,ok,,2035,2014-06-02,2022-06-29,2035,1.0,True,6,True,4
FLS,FLS,ok,,2035,2014-06-02,2022-06-29,2035,1.0,True,2,True,3
FMBI,FMBI,missing,no_data:delisted_renamed_or_unlisted_on_yahoo,0,,,0,0.0,False,0,True,2
FMC,FMC,ok,,2035,2014-06-02,2022-06-29,2035,1.0,True,10,True,2
FN,FN,ok,,2035,2014-06-02,2022-06-29,2035,1.0,False,0,True,5
FNB,FNB,ok,,2035,2014-06-02,2022-06-29,2035,1.0,False,0,True,1
FR,FR,ok,,2035,2014-06-02,2022-06-29,2035,1.0,False,0,True,1
FRAN,FRAN,missing,no_data:delisted_renamed_or_unlisted_on_yahoo,0,,,0,0.0,False,0,True,2
FRED,FRED,missing,no_data:delisted_renamed_or_unlisted_on_yahoo,0,,,0,0.0,False,0,True,6
FRGI,FRGI,missing,no_data:delisted_renamed_or_unlisted_on_yahoo,0,,,0,0.0,False,0,True,2
FRT,FRT,ok,,2035,2014-06-02,2022-06-29,2035,1.0,True,4,False,0
FSLR,FSLR,ok,,2035,2014-06-02,2022-06-29,2035,1.0,True,9,True,1
FSP,FSP,ok,,2035,2014-06-02,2022-06-29,2035,1.0,False,0,True,4
FSS,FSS,ok,,2035,2014-06-02,2022-06-29,2035,1.0,False,0,True,4
FTD,FTD,missing,no_data:delisted_renamed_or_unlisted_on_yahoo,0,,,0,0.0,False,0,True,1
FTI,FTI,ok,,2035,2014-06-02,2022-06-29,2035,1.0,True,7,False,0
FTK,FTK,ok,,2035,2014-06-02,2022-06-29,2035,1.0,False,0,True,6
FTNT,FTNT,ok,,2035,2014-06-02,2022-06-29,2035,1.0,True,11,True,4
FTV,FTV,ok,,1508,2016-07-05,2022-06-29,1508,1.0,True,8,False,0
FULT,FULT,ok,,2035,2014-06-02,2022-06-29,2035,1.0,False,0,True,2
FWRD,FWRD,ok,,2035,2014-06-02,2022-06-29,2035,1.0,False,0,True,4
GATX,GATX,ok,,2035,2014-06-02,2022-06-29,2035,1.0,False,0,True,1
GBCI,GBCI,ok,,2035,2014-06-02,2022-06-29,2035,1.0,False,0,True,1
GBX,GBX,ok,,2035,2014-06-02,2022-06-29,2035,1.0,False,0,True,1
GCO,GCO,ok,,2035,2014-06-02,2022-06-29,2035,1.0,False,0,True,1
GD,GD,ok,,2035,2014-06-02,2022-06-29,2035,1.0,True,5,True,4
GDOT,GDOT,ok,,2035,2014-06-02,2022-06-29,2035,1.0,False,0,True,2
GE,GE,ok,,2035,2014-06-02,2022-06-29,2035,1.0,True,11,True,1
GEF,GEF,ok,,2035,2014-06-02,2022-06-29,2035,1.0,False,0,True,3
GEO,GEO,ok,,2035,2014-06-02,2022-06-29,2035,1.0,False,0,True,7
GEOS,GEOS,ok,,2035,2014-06-02,2022-06-29,2035,1.0,False,0,True,2
GES,GES,missing,no_data:delisted_renamed_or_unlisted_on_yahoo,0,,,0,0.0,False,0,True,4
GFF,GFF,ok,,2035,2014-06-02,2022-06-29,2035,1.0,False,0,True,3
GGP,GGP,missing,no_data:delisted_renamed_or_unlisted_on_yahoo,0,,,0,0.0,False,0,True,2
GHL,GHL,missing,no_data:delisted_renamed_or_unlisted_on_yahoo,0,,,0,0.0,False,0,True,4
GIII,GIII,ok,,2035,2014-06-02,2022-06-29,2035,1.0,False,0,True,3
GILD,GILD,ok,,2035,2014-06-02,2022-06-29,2035,1.0,True,6,True,3
GIS,GIS,ok,,2035,2014-06-02,2022-06-29,2035,1.0,True,9,True,6
GLT,GLT,missing,no_data:delisted_renamed_or_unlisted_on_yahoo,0,,,0,0.0,False,0,True,2
GLW,GLW,ok,,2035,2014-06-02,2022-06-29,2035,1.0,True,8,True,1
GM,GM,ok,,2035,2014-06-02,2022-06-29,2035,1.0,True,7,True,6
GME,GME,ok,,2035,2014-06-02,2022-06-29,2035,1.0,False,0,True,3
GMED,GMED,ok,,2035,2014-06-02,2022-06-29,2035,1.0,False,0,True,3
GNRC,GNRC,ok,,2035,2014-06-02,2022-06-29,2035,1.0,True,1,False,0
GNTX,GNTX,ok,,2035,2014-06-02,2022-06-29,2035,1.0,False,0,True,2
GOV,GOV,missing,no_data:delisted_renamed_or_unlisted_on_yahoo,0,,,0,0.0,False,0,True,3
GPC,GPC,ok,,2035,2014-06-02,2022-06-29,2035,1.0,True,6,True,2
GPI,GPI,ok,,2035,2014-06-02,2022-06-29,2035,1.0,False,0,True,4
GPN,GPN,ok,,2035,2014-06-02,2022-06-29,2035,1.0,False,0,True,2
GPOR,GPOR,ok,,282,2021-05-18,2022-06-29,282,1.0,False,0,True,3
GPRE,GPRE,ok,,2035,2014-06-02,2022-06-29,2035,1.0,False,0,True,1
GPS,GPS,missing,no_data:delisted_renamed_or_unlisted_on_yahoo,0,,,0,0.0,False,0,True,7
GRMN,GRMN,ok,,2035,2014-06-02,2022-06-29,2035,1.0,False,0,True,7
GS,GS,ok,,2035,2014-06-02,2022-06-29,2035,1.0,True,7,True,3
GT,GT,ok,,2035,2014-06-02,2022-06-29,2035,1.0,True,7,True,1
GTLS,GTLS,ok,,2035,2014-06-02,2022-06-29,2035,1.0,False,0,True,2
GTY,GTY,ok,,2035,2014-06-02,2022-06-29,2035,1.0,False,0,True,6
GVA,GVA,ok,,2035,2014-06-02,2022-06-29,2035,1.0,False,0,True,1
GWB,GWB,missing,no_data:delisted_renamed_or_unlisted_on_yahoo,0,,,0,0.0,False,0,True,1
GWLIF,GWLIF,ok,,2035,2014-06-02,2022-06-29,2035,1.0,True,1,False,0
GWR,GWR,missing,no_data:delisted_renamed_or_unlisted_on_yahoo,0,,,0,0.0,False,0,True,3
GWW,GWW,ok,,2035,2014-06-02,2022-06-29,2035,1.0,True,10,True,5
HAE,HAE,ok,,2035,2014-06-02,2022-06-29,2035,1.0,False,0,True,2
HAFC,HAFC,ok,,2035,2014-06-02,2022-06-29,2035,1.0,False,0,True,5
HAL,HAL,ok,,2035,2014-06-02,2022-06-29,2035,1.0,True,2,True,1
HAS,HAS,ok,,2035,2014-06-02,2022-06-29,2035,1.0,True,10,True,3
HBAN,HBAN,ok,,2035,2014-06-02,2022-06-29,2035,1.0,True,6,True,4
HBI,HBI,missing,no_data:delisted_renamed_or_unlisted_on_yahoo,0,,,0,0.0,False,0,True,2
HCA,HCA,ok,,2035,2014-06-02,2022-06-29,2035,1.0,True,4,True,4
HCI,HCI,ok,,2035,2014-06-02,2022-06-29,2035,1.0,False,0,True,4
HCN,HCN,missing,no_data:delisted_renamed_or_unlisted_on_yahoo,0,,,0,0.0,False,0,True,1
HCSG,HCSG,ok,,2035,2014-06-02,2022-06-29,2035,1.0,False,0,True,2
HD,HD,ok,,2035,2014-06-02,2022-06-29,2035,1.0,False,0,True,2
HE,HE,ok,,2035,2014-06-02,2022-06-29,2035,1.0,False,0,True,4
HELE,HELE,ok,,2035,2014-06-02,2022-06-29,2035,1.0,False,0,True,2
HES,HES,ok,,2036,2014-06-02,2022-06-30,2036,1.0,True,2,True,3
HF,HF,missing,no_data:delisted_renamed_or_unlisted_on_yahoo,0,,,0,0.0,False,0,True,2
HFC,HFC,missing,no_data:delisted_renamed_or_unlisted_on_yahoo,0,,,0,0.0,False,0,True,6
HI,HI,missing,no_data:delisted_renamed_or_unlisted_on_yahoo,0,,,0,0.0,False,0,True,1
HIBB,HIBB,missing,no_data:delisted_renamed_or_unlisted_on_yahoo,0,,,0,0.0,False,0,True,3
HIG,HIG,ok,,2035,2014-06-02,2022-06-29,2035,1.0,False,0,True,1
HII,HII,ok,,2035,2014-06-02,2022-06-29,2035,1.0,True,9,True,1
HIW,HIW,ok,,2035,2014-06-02,2022-06-29,2035,1.0,False,0,True,2
HLIT,HLIT,ok,,2035,2014-06-02,2022-06-29,2035,1.0,False,0,True,4
HLT,HLT,ok,,2035,2014-06-02,2022-06-29,2035,1.0,True,1,True,2
HLX,HLX,ok,,2035,2014-06-02,2022-06-29,2035,1.0,False,0,True,2
HMST,HMST,missing,no_data:delisted_renamed_or_unlisted_on_yahoo,0,,,0,0.0,False,0,True,2
HMSY,HMSY,missing,no_data:delisted_renamed_or_unlisted_on_yahoo,0,,,0,0.0,False,0,True,3
HNI,HNI,ok,,2035,2014-06-02,2022-06-29,2035,1.0,False,0,True,5
HOG,HOG,ok,,2035,2014-06-02,2022-06-29,2035,1.0,True,6,True,1
HOLX,HOLX,ok,,2036,2014-06-02,2022-06-30,2036,1.0,True,3,True,1
HOMB,HOMB,ok,,2035,2014-06-02,2022-06-29,2035,1.0,False,0,True,2
HON,HON,ok,,2035,2014-06-02,2022-06-29,2035,1.0,True,8,True,2
HOPE,HOPE,ok,,2035,2014-06-02,2022-06-29,2035,1.0,False,0,True,2
HPE,HPE,ok,,1686,2015-10-19,2022-06-29,1686,1.0,True,8,True,5
HPQ,HPQ,ok,,2035,2014-06-02,2022-06-29,2035,1.0,True,8,True,7
HQY,HQY,ok,,1993,2014-07-31,2022-06-29,1993,1.0,False,0,True,2
HR,HR,ok,,2035,2014-06-02,2022-06-29,2035,1.0,False,0,True,3
HRB,HRB,ok,,2035,2014-06-02,2022-06-29,2035,1.0,True,3,True,3
HRC,HRC,missing,no_data:delisted_renamed_or_unlisted_on_yahoo,0,,,0,0.0,False,0,True,2
HRL,HRL,ok,,2035,2014-06-02,2022-06-29,2035,1.0,False,0,True,2
HRS,HRS,missing,no_data:delisted_renamed_or_unlisted_on_yahoo,0,,,0,0.0,False,0,True,1
HSC,HSC,missing,no_data:delisted_renamed_or_unlisted_on_yahoo,0,,,0,0.0,False,0,True,4
HSIC,HSIC,ok,,2035,2014-06-02,2022-06-29,2035,1.0,True,8,True,2
HSII,HSII,missing,no_data:delisted_renamed_or_unlisted_on_yahoo,0,,,0,0.0,False,0,True,6
HSKA,HSKA,missing,no_data:delisted_renamed_or_unlisted_on_yahoo,0,,,0,0.0,False,0,True,3
HST,HST,ok,,2035,2014-06-02,2022-06-29,2035,1.0,False,0,True,6
HSTM,HSTM,ok,,2035,2014-06-02,2022-06-29,2035,1.0,False,0,True,2
HSY,HSY,ok,,2035,2014-06-02,2022-06-29,2035,1.0,False,0,True,6
HT,HT,missing,no_data:delisted_renamed_or_unlisted_on_yahoo,0,,,0,0.0,False,0,True,1
HUBB,HUBB,ok,,2035,2014-06-02,2022-06-29,2035,1.0,True,5,True,1
HUBG,HUBG,ok,,2035,2014-06-02,2022-06-29,2035,1.0,False,0,True,1
HUM,HUM,ok,,2035,2014-06-02,2022-06-29,2035,1.0,True,2,True,1
HVT,HVT,ok,,2035,2014-06-02,2022-06-29,2035,1.0,False,0,True,5
HWC,HWC,ok,,2035,2014-06-02,2022-06-29,2035,1.0,False,0,True,2
HWM,HWM,ok,,1424,2016-11-01,2022-06-29,1424,1.0,True,4,False,0
HZO,HZO,ok,,2035,2014-06-02,2022-06-29,2035,1.0,False,0,True,5
IART,IART,ok,,2035,2014-06-02,2022-06-29,2035,1.0,False,0,True,3
IBKR,IBKR,ok,,2035,2014-06-02,2022-06-29,2035,1.0,False,0,True,3
IBM,IBM,ok,,2035,2014-06-02,2022-06-29,2035,1.0,True,3,False,0
ICE,ICE,ok,,2035,2014-06-02,2022-06-29,2035,1.0,True,9,True,1
ICUI,ICUI,ok,,2035,2014-06-02,2022-06-29,2035,1.0,False,0,True,3
IDA,IDA,ok,,2035,2014-06-02,2022-06-29,2035,1.0,False,0,True,2
IDCC,IDCC,ok,,2035,2014-06-02,2022-06-29,2035,1.0,False,0,True,5
IDXX,IDXX,ok,,2035,2014-06-02,2022-06-29,2035,1.0,False,0,True,3
IEX,IEX,ok,,2035,2014-06-02,2022-06-29,2035,1.0,True,10,True,1
IFF,IFF,ok,,2035,2014-06-02,2022-06-29,2035,1.0,True,5,True,2
IIIN,IIIN,ok,,2035,2014-06-02,2022-06-29,2035,1.0,False,0,True,8
IIVI,IIVI,missing,no_data:delisted_renamed_or_unlisted_on_yahoo,0,,,0,0.0,False,0,True,7
ILG,ILG,ok,,1074,2014-06-02,2018-09-05,1075,0.9991,False,0,True,8
ILMN,ILMN,ok,,2035,2014-06-02,2022-06-29,2035,1.0,False,0,True,4
INCY,INCY,ok,,2035,2014-06-02,2022-06-29,2035,1.0,True,6,True,10
INDB,INDB,ok,,2035,2014-06-02,2022-06-29,2035,1.0,False,0,True,3
INGN,INGN,ok,,2035,2014-06-02,2022-06-29,2035,1.0,False,0,True,5
INGR,INGR,ok,,2035,2014-06-02,2022-06-29,2035,1.0,False,0,True,1
INN,INN,ok,,2035,2014-06-02,2022-06-29,2035,1.0,False,0,True,2
INT,INT,missing,no_data:delisted_renamed_or_unlisted_on_yahoo,0,,,0,0.0,False,0,True,4
INTC,INTC,ok,,2035,2014-06-02,2022-06-29,2035,1.0,False,0,True,2
INTL,INTL,missing,no_data:delisted_renamed_or_unlisted_on_yahoo,0,,,0,0.0,False,0,True,7
INTU,INTU,ok,,2035,2014-06-02,2022-06-29,2035,1.0,False,0,True,1
INVA,INVA,ok,,2035,2014-06-02,2022-06-29,2035,1.0,False,0,True,6
IOSP,IOSP,ok,,2035,2014-06-02,2022-06-29,2035,1.0,False,0,True,3
IP,IP,ok,,2035,2014-06-02,2022-06-29,2035,1.0,True,10,True,1
IPAR,IPAR,ok,,2035,2014-06-02,2022-06-29,2035,1.0,False,0,True,2
IPCC,IPCC,ok,,1035,2014-06-02,2018-07-11,1036,0.999,False,0,True,4
IPG,IPG,ok,,2036,2014-06-02,2022-06-30,2036,1.0,True,6,True,5
IQV,IQV,ok,,2035,2014-06-02,2022-06-29,2035,1.0,True,10,False,0
IR,IR,ok,,1292,2017-05-12,2022-06-29,1292,1.0,True,10,True,3
IRBT,IRBT,missing,no_data:delisted_renamed_or_unlisted_on_yahoo,0,,,0,0.0,False,0,True,2
IRDM,IRDM,ok,,2035,2014-06-02,2022-06-29,2035,1.0,False,0,True,1
IRM,IRM,ok,,2035,2014-06-02,2022-06-29,2035,1.0,True,9,True,2
IRT,IRT,ok,,2035,2014-06-02,2022-06-29,2035,1.0,False,0,True,1
ISCA,ISCA,missing,no_data:delisted_renamed_or_unlisted_on_yahoo,0,,,0,0.0,False,0,True,1
ISRG,ISRG,ok,,2035,2014-06-02,2022-06-29,2035,1.0,True,2,True,2
IT,IT,ok,,2035,2014-06-02,2022-06-29,2035,1.0,True,9,True,3
ITG,ITG,missing,no_data:delisted_renamed_or_unlisted_on_yahoo,0,,,0,0.0,False,0,True,1
ITGR,ITGR,ok,,2035,2014-06-02,2022-06-29,2035,1.0,False,0,True,2
ITRI,ITRI,ok,,2035,2014-06-02,2022-06-29,2035,1.0,False,0,True,3
ITT,ITT,ok,,2035,2014-06-02,2022-06-29,2035,1.0,False,0,True,1
ITW,ITW,ok,,2035,2014-06-02,2022-06-29,2035,1.0,True,9,True,3
IVC,IVC,missing,no_data:delisted_renamed_or_unlisted_on_yahoo,0,,,0,0.0,False,0,True,6
IVR,IVR,ok,,2035,2014-06-02,2022-06-29,2035,1.0,False,0,True,5
IVZ,IVZ,ok,,2035,2014-06-02,2022-06-29,2035,1.0,True,9,True,3
J,J,ok,,2035,2014-06-02,2022-06-29,2035,1.0,True,3,False,0
JACK,JACK,ok,,2035,2014-06-02,2022-06-29,2035,1.0,False,0,True,1
JBHT,JBHT,ok,,2035,2014-06-02,2022-06-29,2035,1.0,True,5,False,0
JBL,JBL,ok,,2035,2014-06-02,2022-06-29,2035,1.0,True,6,True,4
JBLU,JBLU,ok,,2035,2014-06-02,2022-06-29,2035,1.0,False,0,True,1
JCI,JCI,ok,,2035,2014-06-02,2022-06-29,2035,1.0,False,0,True,5
JCOM,JCOM,missing,no_data:delisted_renamed_or_unlisted_on_yahoo,0,,,0,0.0,False,0,True,3
JCP,JCP,missing,no_data:delisted_renamed_or_unlisted_on_yahoo,0,,,0,0.0,False,0,True,5
JKHY,JKHY,ok,,2035,2014-06-02,2022-06-29,2035,1.0,False,0,True,3
JLL,JLL,ok,,2035,2014-06-02,2022-06-29,2035,1.0,False,0,True,1
JNJ,JNJ,ok,,2035,2014-06-02,2022-06-29,2035,1.0,True,7,True,1
JNPR,JNPR,missing,no_data:delisted_renamed_or_unlisted_on_yahoo,0,,,0,0.0,False,0,True,3
JPM,JPM,ok,,2035,2014-06-02,2022-06-29,2035,1.0,True,8,True,2
JWN,JWN,ok,,2036,2014-06-02,2022-06-30,2036,1.0,True,8,True,3
K,K,missing,no_data:delisted_renamed_or_unlisted_on_yahoo,0,,,0,0.0,True,9,True,5
KALU,KALU,ok,,2035,2014-06-02,2022-06-29,2035,1.0,False,0,True,1
KAMN,KAMN,missing,no_data:delisted_renamed_or_unlisted_on_yahoo,0,,,0,0.0,False,0,True,1
KBH,KBH,ok,,2035,2014-06-02,2022-06-29,2035,1.0,True,6,True,1
KBR,KBR,ok,,2035,2014-06-02,2022-06-29,2035,1.0,False,0,True,1
KELYA,KELYA,ok,,2035,2014-06-02,2022-06-29,2035,1.0,False,0,True,4
KEM,KEM,missing,no_data:delisted_renamed_or_unlisted_on_yahoo,0,,,0,0.0,False,0,True,2
KEX,KEX,ok,,2035,2014-06-02,2022-06-29,2035,1.0,False,0,True,1
KEY,KEY,ok,,2035,2014-06-02,2022-06-29,2035,1.0,True,7,True,3
KEYS,KEYS,ok,,1937,2014-10-20,2022-06-29,1937,1.0,True,10,True,2
KFY,KFY,ok,,2035,2014-06-02,2022-06-29,2035,1.0,False,0,True,3
KHC,KHC,ok,,1760,2015-07-06,2022-06-29,1760,1.0,True,8,True,4
KIM,KIM,ok,,2035,2014-06-02,2022-06-29,2035,1.0,True,8,True,2
KIRK,KIRK,missing,no_data:delisted_renamed_or_unlisted_on_yahoo,0,,,0,0.0,False,0,True,5
KLAC,KLAC,ok,,2035,2014-06-02,2022-06-29,2035,1.0,True,6,True,2
KLIC,KLIC,ok,,2035,2014-06-02,2022-06-29,2035,1.0,False,0,True,7
KLXI,KLXI,ok,,970,2014-12-03,2018-10-09,970,1.0,False,0,True,3
KMB,KMB,ok,,2035,2014-06-02,2022-06-29,2035,1.0,True,6,True,6
KMI,KMI,ok,,2035,2014-06-02,2022-06-29,2035,1.0,False,0,True,2
KMT,KMT,ok,,2035,2014-06-02,2022-06-29,2035,1.0,False,0,True,3
KMX,KMX,ok,,2035,2014-06-02,2022-06-29,2035,1.0,False,0,True,2
KN,KN,ok,,2035,2014-06-02,2022-06-29,2035,1.0,False,0,True,2
KND,KND,ok,,1029,2014-06-02,2018-06-29,1029,1.0,False,0,True,2
KO,KO,ok,,2035,2014-06-02,2022-06-29,2035,1.0,True,5,True,3
KOP,KOP,ok,,2035,2014-06-02,2022-06-29,2035,1.0,False,0,True,1
KOPN,KOPN,ok,,2035,2014-06-02,2022-06-29,2035,1.0,False,0,True,3
KOS,KOS,ok,,2035,2014-06-02,2022-06-29,2035,1.0,True,1,False,0
KR,KR,ok,,2035,2014-06-02,2022-06-29,2035,1.0,True,2,True,5
KRA,KRA,missing,no_data:delisted_renamed_or_unlisted_on_yahoo,0,,,0,0.0,False,0,True,2
KRC,KRC,ok,,2035,2014-06-02,2022-06-29,2035,1.0,False,0,True,1
KRG,KRG,ok,,2035,2014-06-02,2022-06-29,2035,1.0,False,0,True,1
KS,KS,ok,,1994,2014-06-02,2022-06-29,2035,0.9799,False,0,True,2
KSS,KSS,ok,,2035,2014-06-02,2022-06-29,2035,1.0,True,6,True,4
KSU,KSU,missing,no_data:delisted_renamed_or_unlisted_on_yahoo,0,,,0,0.0,False,0,True,3
KWR,KWR,ok,,2035,2014-06-02,2022-06-29,2035,1.0,False,0,True,1
L,L,ok,,2035,2014-06-02,2022-06-29,2035,1.0,False,0,True,2
LABL,LABL,missing,no_data:delisted_renamed_or_unlisted_on_yahoo,0,,,0,0.0,False,0,True,5
LAD,LAD,ok,,2035,2014-06-02,2022-06-29,2035,1.0,False,0,True,3
LAMR,LAMR,ok,,2035,2014-06-02,2022-06-29,2035,1.0,False,0,True,9
LANC,LANC,missing,no_data:delisted_renamed_or_unlisted_on_yahoo,0,,,0,0.0,False,0,True,5
LB,LB,missing,no_data:delisted_renamed_or_unlisted_on_yahoo,0,,,0,0.0,False,0,True,4
LCI,LCI,missing,no_data:delisted_renamed_or_unlisted_on_yahoo,0,,,0,0.0,False,0,True,1
LDOS,LDOS,ok,,2035,2014-06-02,2022-06-29,2035,1.0,False,0,True,2
LECO,LECO,ok,,2035,2014-06-02,2022-06-29,2035,1.0,False,0,True,1
LEG,LEG,ok,,2035,2014-06-02,2022-06-29,2035,1.0,True,7,True,2
LEN,LEN,ok,,2035,2014-06-02,2022-06-29,2035,1.0,False,0,True,2
LFUS,LFUS,ok,,2035,2014-06-02,2022-06-29,2035,1.0,False,0,True,2
LGIH,LGIH,ok,,2035,2014-06-02,2022-06-29,2035,1.0,False,0,True,5
LGND,LGND,ok,,2035,2014-06-02,2022-06-29,2035,1.0,False,0,True,3
LH,LH,ok,,2035,2014-06-02,2022-06-29,2035,1.0,True,4,True,1
LHCG,LHCG,missing,no_data:delisted_renamed_or_unlisted_on_yahoo,0,,,0,0.0,False,0,True,2
LHX,LHX,ok,,2035,2014-06-02,2022-06-29,2035,1.0,True,4,False,0
LII,LII,ok,,2035,2014-06-02,2022-06-29,2035,1.0,False,0,True,1
LITE,LITE,ok,,1747,2015-07-23,2022-06-29,1747,1.0,False,0,True,1
LIVN,LIVN,ok,,1686,2015-10-19,2022-06-29,1686,1.0,False,0,True,1
LKQ,LKQ,ok,,2035,2014-06-02,2022-06-29,2035,1.0,True,9,True,4
LL,LL,missing,no_data:delisted_renamed_or_unlisted_on_yahoo,0,,,0,0.0,False,0,True,3
LLL,LLL,missing,no_data:delisted_renamed_or_unlisted_on_yahoo,0,,,0,0.0,False,0,True,4
LLY,LLY,ok,,2035,2014-06-02,2022-06-29,2035,1.0,True,8,True,2
LM,LM,missing,no_data:delisted_renamed_or_unlisted_on_yahoo,0,,,0,0.0,False,0,True,1
LMAT,LMAT,ok,,2035,2014-06-02,2022-06-29,2035,1.0,False,0,True,6
LMNX,LMNX,missing,no_data:delisted_renamed_or_unlisted_on_yahoo,0,,,0,0.0,False,0,True,3
LMT,LMT,ok,,2035,2014-06-02,2022-06-29,2035,1.0,True,11,True,3
LNC,LNC,ok,,2035,2014-06-02,2022-06-29,2035,1.0,True,1,True,3
LNN,LNN,ok,,2035,2014-06-02,2022-06-29,2035,1.0,False,0,True,1
LNT,LNT,ok,,2035,2014-06-02,2022-06-29,2035,1.0,True,6,True,2
LNTH,LNTH,ok,,1766,2015-06-25,2022-06-29,1766,1.0,False,0,True,7
LOCO,LOCO,ok,,1997,2014-07-25,2022-06-29,1997,1.0,False,0,True,2
LOGM,LOGM,missing,no_data:delisted_renamed_or_unlisted_on_yahoo,0,,,0,0.0,False,0,True,4
LOW,LOW,ok,,2035,2014-06-02,2022-06-29,2035,1.0,True,3,True,5
LPNT,LPNT,ok,,1129,2014-06-02,2018-11-21,1130,0.9991,False,0,True,4
LPSN,LPSN,ok,,2035,2014-06-02,2022-06-29,2035,1.0,False,0,True,3
LPT,LPT,missing,no_data:delisted_renamed_or_unlisted_on_yahoo,0,,,0,0.0,False,0,True,1
LPX,LPX,ok,,2035,2014-06-02,2022-06-29,2035,1.0,True,6,True,2
LQDT,LQDT,ok,,2035,2014-06-02,2022-06-29,2035,1.0,False,0,True,7
LRCX,LRCX,ok,,2035,2014-06-02,2022-06-29,2035,1.0,True,8,True,4
LSTR,LSTR,ok,,2035,2014-06-02,2022-06-29,2035,1.0,False,0,True,4
LTC,LTC,ok,,2035,2014-06-02,2022-06-29,2035,1.0,False,0,True,2
LUMN,LUMN,ok,,2035,2014-06-02,2022-06-29,2035,1.0,True,3,False,0
LUV,LUV,ok,,2035,2014-06-02,2022-06-29,2035,1.0,True,1,True,1
LVS,LVS,ok,,2035,2014-06-02,2022-06-29,2035,1.0,True,6,False,0
LXP,LXP,ok,,2035,2014-06-02,2022-06-29,2035,1.0,False,0,True,3
LXU,LXU,ok,,2035,2014-06-02,2022-06-29,2035,1.0,False,0,True,1
LYB,LYB,ok,,2035,2014-06-02,2022-06-29,2035,1.0,True,6,True,2
LYV,LYV,ok,,2035,2014-06-02,2022-06-29,2035,1.0,False,0,True,9
LZB,LZB,ok,,2035,2014-06-02,2022-06-29,2035,1.0,False,0,True,2
M,M,ok,,2035,2014-06-02,2022-06-29,2035,1.0,True,10,True,4
MA,MA,ok,,2035,2014-06-02,2022-06-29,2035,1.0,True,10,True,2
MAA,MAA,ok,,2035,2014-06-02,2022-06-29,2035,1.0,False,0,True,1
MAN,MAN,ok,,2035,2014-06-02,2022-06-29,2035,1.0,False,0,True,2
MANH,MANH,ok,,2035,2014-06-02,2022-06-29,2035,1.0,False,0,True,1
MANT,MANT,missing,no_data:delisted_renamed_or_unlisted_on_yahoo,0,,,0,0.0,False,0,True,1
MAR,MAR,ok,,2035,2014-06-02,2022-06-29,2035,1.0,False,0,True,1
MAS,MAS,ok,,2035,2014-06-02,2022-06-29,2035,1.0,True,10,True,3
MASI,MASI,ok,,2035,2014-06-02,2022-06-29,2035,1.0,False,0,True,4
MAT,MAT,ok,,2035,2014-06-02,2022-06-29,2035,1.0,True,8,True,4
MATW,MATW,ok,,2035,2014-06-02,2022-06-29,2035,1.0,False,0,True,5
MATX,MATX,ok,,2035,2014-06-02,2022-06-29,2035,1.0,False,0,True,1
MBFI,MBFI,missing,no_data:delisted_renamed_or_unlisted_on_yahoo,0,,,0,0.0,False,0,True,1
MCD,MCD,ok,,2035,2014-06-02,2022-06-29,2035,1.0,False,0,True,1
MCF,MCF,missing,no_data:delisted_renamed_or_unlisted_on_yahoo,0,,,0,0.0,False,0,True,4
MCK,MCK,ok,,2035,2014-06-02,2022-06-29,2035,1.0,True,7,True,2
MCO,MCO,ok,,2035,2014-06-02,2022-06-29,2035,1.0,True,10,True,1
MCY,MCY,ok,,2035,2014-06-02,2022-06-29,2035,1.0,False,0,True,5
MD,MD,ok,,2035,2014-06-02,2022-06-29,2035,1.0,False,0,True,3
MDC,MDC,missing,no_data:delisted_renamed_or_unlisted_on_yahoo,0,,,0,0.0,False,0,True,6
MDCO,MDCO,missing,no_data:delisted_renamed_or_unlisted_on_yahoo,0,,,0,0.0,False,0,True,6
MDLZ,MDLZ,ok,,2035,2014-06-02,2022-06-29,2035,1.0,True,7,True,2
MDP,MDP,missing,no_data:delisted_renamed_or_unlisted_on_yahoo,0,,,0,0.0,False,0,True,2
MDR,MDR,missing,no_data:delisted_renamed_or_unlisted_on_yahoo,0,,,0,0.0,False,0,True,5
MDRX,MDRX,ok,,2035,2014-06-02,2022-06-29,2035,1.0,False,0,True,2
MDSO,MDSO,missing,no_data:delisted_renamed_or_unlisted_on_yahoo,0,,,0,0.0,False,0,True,3
MDT,MDT,ok,,2035,2014-06-02,2022-06-29,2035,1.0,False,0,True,3
MDU,MDU,ok,,2035,2014-06-02,2022-06-29,2035,1.0,False,0,True,4
MDXG,MDXG,ok,,2035,2014-06-02,2022-06-29,2035,1.0,False,0,True,2
MED,MED,ok,,2035,2014-06-02,2022-06-29,2035,1.0,False,0,True,4
MET,MET,ok,,2035,2014-06-02,2022-06-29,2035,1.0,True,5,True,1
MGLN,MGLN,missing,no_data:delisted_renamed_or_unlisted_on_yahoo,0,,,0,0.0,False,0,True,3
MGM,MGM,ok,,2035,2014-06-02,2022-06-29,2035,1.0,True,6,True,3
MHK,MHK,ok,,2035,2014-06-02,2022-06-29,2035,1.0,True,8,True,2
MHLD,MHLD,missing,no_data:delisted_renamed_or_unlisted_on_yahoo,0,,,0,0.0,False,0,True,2
MHO,MHO,ok,,2035,2014-06-02,2022-06-29,2035,1.0,False,0,True,3
MIK,MIK,missing,no_data:delisted_renamed_or_unlisted_on_yahoo,0,,,0,0.0,False,0,True,1
MINI,MINI,missing,no_data:delisted_renamed_or_unlisted_on_yahoo,0,,,0,0.0,False,0,True,3
MKC,MKC,ok,,2035,2014-06-02,2022-06-29,2035,1.0,True,8,False,0
MKSI,MKSI,ok,,2035,2014-06-02,2022-06-29,2035,1.0,False,0,True,2
MKTX,MKTX,ok,,2035,2014-06-02,2022-06-29,2035,1.0,True,7,True,3
MLM,MLM,ok,,2035,2014-06-02,2022-06-29,2035,1.0,True,7,True,2
MMC,MMC,missing,no_data:delisted_renamed_or_unlisted_on_yahoo,0,,,0,0.0,False,0,True,3
MMM,MMM,ok,,2035,2014-06-02,2022-06-29,2035,1.0,True,9,True,6
MMS,MMS,ok,,2035,2014-06-02,2022-06-29,2035,1.0,False,0,True,1
MMSI,MMSI,ok,,2035,2014-06-02,2022-06-29,2035,1.0,False,0,True,2
MNK,MNK,missing,no_data:delisted_renamed_or_unlisted_on_yahoo,0,,,0,0.0,False,0,True,1
MNRO,MNRO,ok,,2035,2014-06-02,2022-06-29,2035,1.0,False,0,True,2
MNST,MNST,ok,,2035,2014-06-02,2022-06-29,2035,1.0,False,0,True,2
MNTA,MNTA,missing,no_data:delisted_renamed_or_unlisted_on_yahoo,0,,,0,0.0,False,0,True,4
MO,MO,ok,,2035,2014-06-02,2022-06-29,2035,1.0,True,8,True,3
MOH,MOH,ok,,2035,2014-06-02,2022-06-29,2035,1.0,True,1,True,2
MON,MON,missing,no_data:delisted_renamed_or_unlisted_on_yahoo,0,,,0,0.0,False,0,True,5
MOR,MOR,ok,,1058,2018-04-19,2022-06-30,1058,1.0,True,1,False,0
MOS,MOS,ok,,2035,2014-06-02,2022-06-29,2035,1.0,True,3,True,1
MOV,MOV,ok,,2035,2014-06-02,2022-06-29,2035,1.0,False,0,True,8
MPAA,MPAA,ok,,2035,2014-06-02,2022-06-29,2035,1.0,False,0,True,2
MPC,MPC,ok,,2035,2014-06-02,2022-06-29,2035,1.0,True,10,False,0
MPW,MPW,missing,no_data:delisted_renamed_or_unlisted_on_yahoo,0,,,0,0.0,False,0,True,1
MPWR,MPWR,ok,,2035,2014-06-02,2022-06-29,2035,1.0,True,1,True,4
MRCY,MRCY,ok,,2035,2014-06-02,2022-06-29,2035,1.0,False,0,True,4
MRK,MRK,ok,,2035,2014-06-02,2022-06-29,2035,1.0,True,7,True,3
MRNA,MRNA,ok,,896,2018-12-07,2022-06-29,896,1.0,True,3,False,0
MRO,MRO,missing,no_data:delisted_renamed_or_unlisted_on_yahoo,0,,,0,0.0,False,0,True,3
MRSH,MRSH,ok,,2035,2014-06-02,2022-06-29,2035,1.0,True,7,False,0
MS,MS,ok,,2035,2014-06-02,2022-06-29,2035,1.0,True,2,True,2
MSCC,MSCC,ok,,1005,2014-06-02,2018-05-29,1006,0.999,False,0,True,2
MSCI,MSCI,ok,,2035,2014-06-02,2022-06-29,2035,1.0,True,8,True,1
MSFT,MSFT,ok,,2035,2014-06-02,2022-06-29,2035,1.0,True,9,True,5
MSI,MSI,ok,,2035,2014-06-02,2022-06-29,2035,1.0,True,10,True,5
MSM,MSM,ok,,2035,2014-06-02,2022-06-29,2035,1.0,False,0,True,2
MSTR,MSTR,ok,,2035,2014-06-02,2022-06-29,2035,1.0,False,0,True,3
MTD,MTD,ok,,2035,2014-06-02,2022-06-29,2035,1.0,True,6,True,5
MTDR,MTDR,ok,,2035,2014-06-02,2022-06-29,2035,1.0,False,0,True,2
MTG,MTG,ok,,2035,2014-06-02,2022-06-29,2035,1.0,True,2,False,0
MTH,MTH,ok,,2035,2014-06-02,2022-06-29,2035,1.0,False,0,True,2
MTRX,MTRX,ok,,2035,2014-06-02,2022-06-29,2035,1.0,False,0,True,3
MTSC,MTSC,missing,no_data:delisted_renamed_or_unlisted_on_yahoo,0,,,0,0.0,False,0,True,3
MTX,MTX,ok,,2035,2014-06-02,2022-06-29,2035,1.0,False,0,True,2
MU,MU,ok,,2035,2014-06-02,2022-06-29,2035,1.0,True,7,True,5
MUR,MUR,ok,,2035,2014-06-02,2022-06-29,2035,1.0,True,6,True,1
MUSA,MUSA,ok,,2035,2014-06-02,2022-06-29,2035,1.0,False,0,True,1
MXL,MXL,ok,,2035,2014-06-02,2022-06-29,2035,1.0,False,0,True,2
MYE,MYE,ok,,2035,2014-06-02,2022-06-29,2035,1.0,False,0,True,1
MYGN,MYGN,ok,,2035,2014-06-02,2022-06-29,2035,1.0,False,0,True,3
MYL,MYL,missing,no_data:delisted_renamed_or_unlisted_on_yahoo,0,,,0,0.0,False,0,True,2
NATI,NATI,missing,no_data:delisted_renamed_or_unlisted_on_yahoo,0,,,0,0.0,False,0,True,6
NAVG,NAVG,missing,no_data:delisted_renamed_or_unlisted_on_yahoo,0,,,0,0.0,False,0,True,2
NAVI,NAVI,ok,,2035,2014-06-02,2022-06-29,2035,1.0,True,1,False,0
NBHC,NBHC,ok,,2035,2014-06-02,2022-06-29,2035,1.0,False,0,True,4
NBL,NBL,missing,no_data:delisted_renamed_or_unlisted_on_yahoo,0,,,0,0.0,False,0,True,2
NBR,NBR,ok,,2035,2014-06-02,2022-06-29,2035,1.0,False,0,True,2
NCI,NCI,missing,no_data:delisted_renamed_or_unlisted_on_yahoo,0,,,0,0.0,False,0,True,2
NCLH,NCLH,ok,,2035,2014-06-02,2022-06-29,2035,1.0,True,7,True,1
NCR,NCR,missing,no_data:delisted_renamed_or_unlisted_on_yahoo,0,,,0,0.0,False,0,True,1
NDAQ,NDAQ,ok,,2035,2014-06-02,2022-06-29,2035,1.0,True,11,True,3
NDSN,NDSN,ok,,2035,2014-06-02,2022-06-29,2035,1.0,True,2,True,1
NEE,NEE,ok,,2035,2014-06-02,2022-06-29,2035,1.0,False,0,True,1
NEM,NEM,ok,,2035,2014-06-02,2022-06-29,2035,1.0,True,3,True,3
NEOG,NEOG,ok,,2035,2014-06-02,2022-06-29,2035,1.0,False,0,True,1
NEU,NEU,ok,,2035,2014-06-02,2022-06-29,2035,1.0,False,0,True,2
NEWM,NEWM,missing,no_data:delisted_renamed_or_unlisted_on_yahoo,0,,,0,0.0,False,0,True,1
NFG,NFG,ok,,2035,2014-06-02,2022-06-29,2035,1.0,False,0,True,1
NGVT,NGVT,ok,,1551,2016-05-03,2022-06-29,1551,1.0,False,0,True,1
NI,NI,ok,,2035,2014-06-02,2022-06-29,2035,1.0,True,7,True,6
NJR,NJR,ok,,2035,2014-06-02,2022-06-29,2035,1.0,False,0,True,4
NKE,NKE,ok,,2035,2014-06-02,2022-06-29,2035,1.0,False,0,True,2
NKTR,NKTR,ok,,2035,2014-06-02,2022-06-29,2035,1.0,False,0,True,3
NLS,NLS,missing,no_data:delisted_renamed_or_unlisted_on_yahoo,0,,,0,0.0,False,0,True,1
NLSN,NLSN,missing,no_data:delisted_renamed_or_unlisted_on_yahoo,0,,,0,0.0,False,0,True,1
NMIH,NMIH,ok,,2035,2014-06-02,2022-06-29,2035,1.0,False,0,True,2
NNN,NNN,ok,,2035,2014-06-02,2022-06-29,2035,1.0,False,0,True,2
NOC,NOC,ok,,2035,2014-06-02,2022-06-29,2035,1.0,True,9,True,5
NOV,NOV,ok,,2035,2014-06-02,2022-06-29,2035,1.0,True,4,True,2
NOW,NOW,ok,,2035,2014-06-02,2022-06-29,2035,1.0,True,8,False,0
NP,NP,missing,no_data:delisted_renamed_or_unlisted_on_yahoo,0,,,0,0.0,False,0,True,1
NPIXY,NPIXY,missing,no_data:delisted_renamed_or_unlisted_on_yahoo,0,,,0,0.0,True,1,False,0
NPO,NPO,ok,,2035,2014-06-02,2022-06-29,2035,1.0,False,0,True,2
NR,NR,missing,no_data:delisted_renamed_or_unlisted_on_yahoo,0,,,0,0.0,False,0,True,3
NRG,NRG,ok,,2035,2014-06-02,2022-06-29,2035,1.0,True,4,True,1
NSA,NSA,ok,,1811,2015-04-22,2022-06-29,1811,1.0,False,0,True,3
NSC,NSC,ok,,2035,2014-06-02,2022-06-29,2035,1.0,True,7,True,2
NSIT,NSIT,ok,,2035,2014-06-02,2022-06-29,2035,1.0,False,0,True,5
NSP,NSP,ok,,2035,2014-06-02,2022-06-29,2035,1.0,False,0,True,7
NTAP,NTAP,ok,,2035,2014-06-02,2022-06-29,2035,1.0,True,5,True,2
NTCT,NTCT,ok,,2035,2014-06-02,2022-06-29,2035,1.0,False,0,True,1
NTGR,NTGR,ok,,2035,2014-06-02,2022-06-29,2035,1.0,False,0,True,4
NTRI,NTRI,missing,no_data:delisted_renamed_or_unlisted_on_yahoo,0,,,0,0.0,False,0,True,4
NTRS,NTRS,ok,,2035,2014-06-02,2022-06-29,2035,1.0,True,9,True,1
NUE,NUE,ok,,2035,2014-06-02,2022-06-29,2035,1.0,False,0,True,4
NUS,NUS,ok,,2035,2014-06-02,2022-06-29,2035,1.0,False,0,True,2
NUVA,NUVA,missing,no_data:delisted_renamed_or_unlisted_on_yahoo,0,,,0,0.0,False,0,True,5
NVDA,NVDA,ok,,2035,2014-06-02,2022-06-29,2035,1.0,True,3,True,2
NWE,NWE,ok,,2035,2014-06-02,2022-06-29,2035,1.0,False,0,True,3
NWL,NWL,ok,,2035,2014-06-02,2022-06-29,2035,1.0,True,3,True,4
NWN,NWN,ok,,2035,2014-06-02,2022-06-29,2035,1.0,False,0,True,8
NWSA,NWSA,ok,,2035,2014-06-02,2022-06-29,2035,1.0,False,0,True,2
NX,NX,ok,,2035,2014-06-02,2022-06-29,2035,1.0,False,0,True,6
O,O,ok,,2035,2014-06-02,2022-06-29,2035,1.0,True,6,True,4
OA,OA,ok,,1011,2014-06-02,2018-06-06,1012,0.999,False,0,True,3
OCLR,OCLR,ok,,1140,2014-06-02,2018-12-10,1141,0.9991,False,0,True,1
ODFL,ODFL,ok,,2035,2014-06-02,2022-06-29,2035,1.0,False,0,True,3
ODP,ODP,missing,no_data:delisted_renamed_or_unlisted_on_yahoo,0,,,0,0.0,False,0,True,1
OFC,OFC,missing,no_data:delisted_renamed_or_unlisted_on_yahoo,0,,,0,0.0,False,0,True,2
OFG,OFG,ok,,2035,2014-06-02,2022-06-29,2035,1.0,False,0,True,3
OFIX,OFIX,ok,,2035,2014-06-02,2022-06-29,2035,1.0,False,0,True,1
OGE,OGE,ok,,2035,2014-06-02,2022-06-29,2035,1.0,False,0,True,4
OGN,OGN,ok,,284,2021-05-14,2022-06-29,284,1.0,True,2,False,0
OGS,OGS,ok,,2035,2014-06-02,2022-06-29,2035,1.0,False,0,True,6
OHI,OHI,ok,,2035,2014-06-02,2022-06-29,2035,1.0,False,0,True,3
OI,OI,ok,,2035,2014-06-02,2022-06-29,2035,1.0,False,0,True,1
OIS,OIS,ok,,2035,2014-06-02,2022-06-29,2035,1.0,False,0,True,2
OKE,OKE,ok,,2035,2014-06-02,2022-06-29,2035,1.0,True,7,False,0
OLLI,OLLI,ok,,1752,2015-07-16,2022-06-29,1752,1.0,False,0,True,4
OLN,OLN,ok,,2035,2014-06-02,2022-06-29,2035,1.0,True,7,True,2
OMC,OMC,ok,,2035,2014-06-02,2022-06-29,2035,1.0,True,9,True,4
OMCL,OMCL,ok,,2035,2014-06-02,2022-06-29,2035,1.0,False,0,True,2
OMI,OMI,missing,no_data:delisted_renamed_or_unlisted_on_yahoo,0,,,0,0.0,False,0,True,3
ON,ON,ok,,2035,2014-06-02,2022-06-29,2035,1.0,True,3,False,0
ONB,ONB,ok,,2035,2014-06-02,2022-06-29,2035,1.0,False,0,True,2
OPB,OPB,missing,no_data:delisted_renamed_or_unlisted_on_yahoo,0,,,0,0.0,False,0,True,1
ORCL,ORCL,ok,,2035,2014-06-02,2022-06-29,2035,1.0,False,0,True,4
ORI,ORI,ok,,2035,2014-06-02,2022-06-29,2035,1.0,False,0,True,5
ORLY,ORLY,ok,,2035,2014-06-02,2022-06-29,2035,1.0,False,0,True,1
ORN,ORN,ok,,2035,2014-06-02,2022-06-29,2035,1.0,False,0,True,4
OSIS,OSIS,ok,,2035,2014-06-02,2022-06-29,2035,1.0,False,0,True,1
OSPN,OSPN,ok,,2035,2014-06-02,2022-06-29,2035,1.0,False,0,True,2
OSUR,OSUR,ok,,2035,2014-06-02,2022-06-29,2035,1.0,False,0,True,2
OTIS,OTIS,ok,,575,2020-03-19,2022-06-29,575,1.0,True,5,False,0
OXM,OXM,ok,,2035,2014-06-02,2022-06-29,2035,1.0,False,0,True,4
OXY,OXY,ok,,2035,2014-06-02,2022-06-29,2035,1.0,True,7,True,3
PAHC,PAHC,ok,,2035,2014-06-02,2022-06-29,2035,1.0,False,0,True,4
PANW,PANW,ok,,2035,2014-06-02,2022-06-29,2035,1.0,True,9,False,0
PARR,PARR,ok,,2035,2014-06-02,2022-06-29,2035,1.0,False,0,True,2
PATK,PATK,ok,,2035,2014-06-02,2022-06-29,2035,1.0,False,0,True,1
PAY,PAY,ok,,276,2021-05-26,2022-06-29,276,1.0,False,0,True,1
PAYX,PAYX,ok,,2035,2014-06-02,2022-06-29,2035,1.0,True,10,True,1
PB,PB,ok,,2035,2014-06-02,2022-06-29,2035,1.0,False,0,True,1
PBCT,PBCT,missing,no_data:delisted_renamed_or_unlisted_on_yahoo,0,,,0,0.0,False,0,True,3
PBF,PBF,ok,,2035,2014-06-02,2022-06-29,2035,1.0,False,0,True,2
PBH,PBH,ok,,2035,2014-06-02,2022-06-29,2035,1.0,False,0,True,1
PBI,PBI,ok,,2035,2014-06-02,2022-06-29,2035,1.0,False,0,True,2
PCAR,PCAR,ok,,2035,2014-06-02,2022-06-29,2035,1.0,True,9,True,4
PCG,PCG,ok,,2035,2014-06-02,2022-06-29,2035,1.0,False,0,True,2
PCH,PCH,missing,no_data:delisted_renamed_or_unlisted_on_yahoo,0,,,0,0.0,False,0,True,3
PDCE,PDCE,missing,no_data:delisted_renamed_or_unlisted_on_yahoo,0,,,0,0.0,False,0,True,1
PDCO,PDCO,missing,no_data:delisted_renamed_or_unlisted_on_yahoo,0,,,0,0.0,False,0,True,2
PDFS,PDFS,ok,,2035,2014-06-02,2022-06-29,2035,1.0,False,0,True,5
PEG,PEG,ok,,2035,2014-06-02,2022-06-29,2035,1.0,True,6,True,3
PEI,PEI,missing,no_data:delisted_renamed_or_unlisted_on_yahoo,0,,,0,0.0,False,0,True,2
PENN,PENN,ok,,2035,2014-06-02,2022-06-29,2035,1.0,True,3,False,0
PEP,PEP,ok,,2035,2014-06-02,2022-06-29,2035,1.0,False,0,True,3
PERY,PERY,ok,,1109,2014-06-02,2018-10-23,1109,1.0,False,0,True,3
PES,PES,missing,no_data:delisted_renamed_or_unlisted_on_yahoo,0,,,0,0.0,False,0,True,3
PETS,PETS,ok,,2035,2014-06-02,2022-06-29,2035,1.0,False,0,True,2
PFE,PFE,ok,,2035,2014-06-02,2022-06-29,2035,1.0,True,5,True,2
PFG,PFG,ok,,2035,2014-06-02,2022-06-29,2035,1.0,True,9,True,2
PFS,PFS,ok,,2035,2014-06-02,2022-06-29,2035,1.0,False,0,True,8
PG,PG,ok,,2035,2014-06-02,2022-06-29,2035,1.0,True,10,True,2
PGNX,PGNX,missing,no_data:delisted_renamed_or_unlisted_on_yahoo,0,,,0,0.0,False,0,True,2
PGR,PGR,ok,,2035,2014-06-02,2022-06-29,2035,1.0,True,2,True,2
PH,PH,ok,,2035,2014-06-02,2022-06-29,2035,1.0,True,8,True,2
PHM,PHM,ok,,2035,2014-06-02,2022-06-29,2035,1.0,True,9,True,2
PII,PII,ok,,2035,2014-06-02,2022-06-29,2035,1.0,False,0,True,3
PJC,PJC,missing,no_data:delisted_renamed_or_unlisted_on_yahoo,0,,,0,0.0,False,0,True,7
PKE,PKE,ok,,2035,2014-06-02,2022-06-29,2035,1.0,False,0,True,4
PKG,PKG,ok,,2035,2014-06-02,2022-06-29,2035,1.0,False,0,True,1
PKI,PKI,missing,no_data:delisted_renamed_or_unlisted_on_yahoo,0,,,0,0.0,False,0,True,2
PLAB,PLAB,ok,,2035,2014-06-02,2022-06-29,2035,1.0,False,0,True,1
PLAY,PLAY,ok,,1943,2014-10-10,2022-06-29,1943,1.0,False,0,True,1
PLCE,PLCE,ok,,2035,2014-06-02,2022-06-29,2035,1.0,False,0,True,1
PLD,PLD,ok,,2035,2014-06-02,2022-06-29,2035,1.0,True,2,True,1
PLT,PLT,missing,no_data:delisted_renamed_or_unlisted_on_yahoo,0,,,0,0.0,False,0,True,4
PLUS,PLUS,ok,,2035,2014-06-02,2022-06-29,2035,1.0,False,0,True,6
PLXS,PLXS,ok,,2035,2014-06-02,2022-06-29,2035,1.0,False,0,True,2
PM,PM,ok,,2035,2014-06-02,2022-06-29,2035,1.0,True,11,True,1
PNC,PNC,ok,,2035,2014-06-02,2022-06-29,2035,1.0,True,8,True,3
PNR,PNR,ok,,2035,2014-06-02,2022-06-29,2035,1.0,False,0,True,4
PNW,PNW,ok,,2035,2014-06-02,2022-06-29,2035,1.0,True,10,True,5
POL,POL,missing,no_data:delisted_renamed_or_unlisted_on_yahoo,0,,,0,0.0,False,0,True,3
POOL,POOL,ok,,2035,2014-06-02,2022-06-29,2035,1.0,False,0,True,7
POST,POST,ok,,2035,2014-06-02,2022-06-29,2035,1.0,False,0,True,2
POWI,POWI,ok,,2035,2014-06-02,2022-06-29,2035,1.0,False,0,True,5
POWL,POWL,ok,,2035,2014-06-02,2022-06-29,2035,1.0,False,0,True,6
PPBI,PPBI,missing,no_data:delisted_renamed_or_unlisted_on_yahoo,0,,,0,0.0,False,0,True,3
PPG,PPG,ok,,2035,2014-06-02,2022-06-29,2035,1.0,True,9,True,3
PPL,PPL,ok,,2035,2014-06-02,2022-06-29,2035,1.0,False,0,True,1
PRA,PRA,ok,,2035,2014-06-02,2022-06-29,2035,1.0,False,0,True,3
PRAA,PRAA,ok,,2035,2014-06-02,2022-06-29,2035,1.0,False,0,True,5
PRFT,PRFT,missing,no_data:delisted_renamed_or_unlisted_on_yahoo,0,,,0,0.0,False,0,True,3
PRGO,PRGO,ok,,2035,2014-06-02,2022-06-29,2035,1.0,False,0,True,2
PRGS,PRGS,ok,,2035,2014-06-02,2022-06-29,2035,1.0,False,0,True,1
PRI,PRI,ok,,2035,2014-06-02,2022-06-29,2035,1.0,False,0,True,3
PRLB,PRLB,ok,,2035,2014-06-02,2022-06-29,2035,1.0,False,0,True,1
PRSC,PRSC,missing,no_data:delisted_renamed_or_unlisted_on_yahoo,0,,,0,0.0,False,0,True,5
PRU,PRU,ok,,2035,2014-06-02,2022-06-29,2035,1.0,True,10,True,1
PSA,PSA,ok,,2035,2014-06-02,2022-06-29,2035,1.0,False,0,True,2
PSB,PSB,missing,no_data:delisted_renamed_or_unlisted_on_yahoo,0,,,0,0.0,False,0,True,4
PSX,PSX,ok,,2035,2014-06-02,2022-06-29,2035,1.0,True,9,True,2
PTC,PTC,ok,,2035,2014-06-02,2022-06-29,2035,1.0,True,4,True,1
PTEN,PTEN,ok,,2035,2014-06-02,2022-06-29,2035,1.0,False,0,True,4
PVH,PVH,ok,,2035,2014-06-02,2022-06-29,2035,1.0,False,0,True,3
PWR,PWR,ok,,2035,2014-06-02,2022-06-29,2035,1.0,True,5,True,5
PX,PX,missing,no_data:delisted_renamed_or_unlisted_on_yahoo,0,,,0,0.0,False,0,True,5
PYPL,PYPL,ok,,1760,2015-07-06,2022-06-29,1760,1.0,True,11,True,2
PZZA,PZZA,ok,,2035,2014-06-02,2022-06-29,2035,1.0,False,0,True,2
QCOM,QCOM,ok,,2035,2014-06-02,2022-06-29,2035,1.0,True,8,False,0
QEP,QEP,missing,no_data:delisted_renamed_or_unlisted_on_yahoo,0,,,0,0.0,False,0,True,2
QHC,QHC,missing,no_data:delisted_renamed_or_unlisted_on_yahoo,0,,,0,0.0,False,0,True,1
QLYS,QLYS,ok,,2035,2014-06-02,2022-06-29,2035,1.0,False,0,True,1
QNST,QNST,ok,,2035,2014-06-02,2022-06-29,2035,1.0,False,0,True,7
QSII,QSII,missing,no_data:delisted_renamed_or_unlisted_on_yahoo,0,,,0,0.0,False,0,True,4
R,R,ok,,2035,2014-06-02,2022-06-29,2035,1.0,False,0,True,3
RAVN,RAVN,missing,no_data:delisted_renamed_or_unlisted_on_yahoo,0,,,0,0.0,False,0,True,5
RBC,RBC,ok,,2035,2014-06-02,2022-06-29,2035,1.0,False,0,True,2
RCII,RCII,missing,no_data:delisted_renamed_or_unlisted_on_yahoo,0,,,0,0.0,False,0,True,2
RCL,RCL,ok,,2035,2014-06-02,2022-06-29,2035,1.0,True,7,True,2
RDC,RDC,missing,no_data:delisted_renamed_or_unlisted_on_yahoo,0,,,0,0.0,False,0,True,5
RE,RE,missing,no_data:delisted_renamed_or_unlisted_on_yahoo,0,,,0,0.0,False,0,True,1
RECN,RECN,missing,no_data:delisted_renamed_or_unlisted_on_yahoo,0,,,0,0.0,False,0,True,1
REG,REG,ok,,2035,2014-06-02,2022-06-29,2035,1.0,True,3,True,3
REGN,REGN,ok,,2035,2014-06-02,2022-06-29,2035,1.0,True,3,True,3
REX,REX,ok,,2035,2014-06-02,2022-06-29,2035,1.0,False,0,True,5
RF,RF,ok,,2035,2014-06-02,2022-06-29,2035,1.0,False,0,True,3
RFL,RFL,ok,,1073,2018-03-27,2022-06-29,1073,1.0,True,1,False,0
RGA,RGA,ok,,2035,2014-06-02,2022-06-29,2035,1.0,False,0,True,2
RGEN,RGEN,ok,,2035,2014-06-02,2022-06-29,2035,1.0,False,0,True,5
RGLD,RGLD,ok,,2035,2014-06-02,2022-06-29,2035,1.0,False,0,True,3
RGR,RGR,ok,,2035,2014-06-02,2022-06-29,2035,1.0,False,0,True,1
RGS,RGS,ok,,2035,2014-06-02,2022-06-29,2035,1.0,False,0,True,6
RHI,RHI,ok,,2035,2014-06-02,2022-06-29,2035,1.0,False,0,True,3
RHT,RHT,missing,no_data:delisted_renamed_or_unlisted_on_yahoo,0,,,0,0.0,False,0,True,3
RIG,RIG,ok,,2035,2014-06-02,2022-06-29,2035,1.0,False,0,True,2
RJF,RJF,ok,,2035,2014-06-02,2022-06-29,2035,1.0,True,6,True,2
RL,RL,ok,,2035,2014-06-02,2022-06-29,2035,1.0,False,0,True,3
RLI,RLI,ok,,2035,2014-06-02,2022-06-29,2035,1.0,False,0,True,2
RMAX,RMAX,ok,,2035,2014-06-02,2022-06-29,2035,1.0,False,0,True,1
RMBS,RMBS,ok,,2035,2014-06-02,2022-06-29,2035,1.0,False,0,True,3
RMD,RMD,ok,,2035,2014-06-02,2022-06-29,2035,1.0,True,7,True,6
RNR,RNR,ok,,2035,2014-06-02,2022-06-29,2035,1.0,False,0,True,1
ROCK,ROCK,ok,,2035,2014-06-02,2022-06-29,2035,1.0,False,0,True,5
ROG,ROG,ok,,2035,2014-06-02,2022-06-29,2035,1.0,False,0,True,1
ROIC,ROIC,missing,no_data:delisted_renamed_or_unlisted_on_yahoo,0,,,0,0.0,False,0,True,2
ROK,ROK,ok,,2035,2014-06-02,2022-06-29,2035,1.0,True,8,True,1
ROL,ROL,ok,,2035,2014-06-02,2022-06-29,2035,1.0,False,0,True,1
ROP,ROP,ok,,2035,2014-06-02,2022-06-29,2035,1.0,True,5,True,5
ROST,ROST,ok,,2035,2014-06-02,2022-06-29,2035,1.0,False,0,True,7
RRC,RRC,ok,,2035,2014-06-02,2022-06-29,2035,1.0,True,1,True,2
RRD,RRD,missing,no_data:delisted_renamed_or_unlisted_on_yahoo,0,,,0,0.0,False,0,True,1
RRGB,RRGB,ok,,2035,2014-06-02,2022-06-29,2035,1.0,False,0,True,3
RS,RS,ok,,2035,2014-06-02,2022-06-29,2035,1.0,False,0,True,3
RSG,RSG,ok,,2035,2014-06-02,2022-06-29,2035,1.0,False,0,True,3
RTEC,RTEC,missing,no_data:delisted_renamed_or_unlisted_on_yahoo,0,,,0,0.0,False,0,True,1
RTN,RTN,missing,no_data:delisted_renamed_or_unlisted_on_yahoo,0,,,0,0.0,False,0,True,3
RTX,RTX,ok,,2035,2014-06-02,2022-06-29,2035,1.0,True,6,False,0
RUTH,RUTH,missing,no_data:delisted_renamed_or_unlisted_on_yahoo,0,,,0,0.0,False,0,True,3
RYAM,RYAM,ok,,2025,2014-06-16,2022-06-29,2025,1.0,False,0,True,1
RYN,RYN,ok,,2035,2014-06-02,2022-06-29,2035,1.0,False,0,True,1
SABR,SABR,ok,,2035,2014-06-02,2022-06-29,2035,1.0,False,0,True,1
SAFM,SAFM,missing,no_data:delisted_renamed_or_unlisted_on_yahoo,0,,,0,0.0,False,0,True,2
SAH,SAH,ok,,2035,2014-06-02,2022-06-29,2035,1.0,False,0,True,4
SAIA,SAIA,ok,,2035,2014-06-02,2022-06-29,2035,1.0,False,0,True,1
SAIC,SAIC,ok,,2035,2014-06-02,2022-06-29,2035,1.0,False,0,True,1
SAM,SAM,ok,,2035,2014-06-02,2022-06-29,2035,1.0,False,0,True,4
SANM,SANM,ok,,2035,2014-06-02,2022-06-29,2035,1.0,False,0,True,2
SBAC,SBAC,ok,,2035,2014-06-02,2022-06-29,2035,1.0,True,3,True,1
SBH,SBH,ok,,2035,2014-06-02,2022-06-29,2035,1.0,False,0,True,3
SBNY,SBNY,missing,no_data:delisted_renamed_or_unlisted_on_yahoo,0,,,0,0.0,False,0,True,3
SBSI,SBSI,ok,,2035,2014-06-02,2022-06-29,2035,1.0,False,0,True,7
SBUX,SBUX,ok,,2035,2014-06-02,2022-06-29,2035,1.0,True,1,True,1
SCG,SCG,ok,,872,2015-07-16,2018-12-31,872,1.0,False,0,True,1
SCHL,SCHL,ok,,2035,2014-06-02,2022-06-29,2035,1.0,False,0,True,8
SCI,SCI,ok,,2035,2014-06-02,2022-06-29,2035,1.0,True,7,False,0
SCSC,SCSC,ok,,2035,2014-06-02,2022-06-29,2035,1.0,False,0,True,6
SCVL,SCVL,ok,,2035,2014-06-02,2022-06-29,2035,1.0,False,0,True,1
SEDG,SEDG,ok,,1829,2015-03-26,2022-06-29,1829,1.0,False,0,True,2
SEE,SEE,ok,,2036,2014-06-02,2022-06-30,2036,1.0,True,7,True,4
SEIC,SEIC,ok,,2035,2014-06-02,2022-06-29,2035,1.0,False,0,True,4
SEM,SEM,ok,,2035,2014-06-02,2022-06-29,2035,1.0,False,0,True,2
SF,SF,ok,,2035,2014-06-02,2022-06-29,2035,1.0,False,0,True,1
SFBS,SFBS,ok,,2035,2014-06-02,2022-06-29,2035,1.0,False,0,True,3
SFLY,SFLY,missing,no_data:delisted_renamed_or_unlisted_on_yahoo,0,,,0,0.0,False,0,True,1
SFM,SFM,ok,,2035,2014-06-02,2022-06-29,2035,1.0,False,0,True,2
SFNC,SFNC,ok,,2035,2014-06-02,2022-06-29,2035,1.0,False,0,True,4
SHAK,SHAK,ok,,1867,2015-01-30,2022-06-29,1867,1.0,False,0,True,1
SHOO,SHOO,ok,,2035,2014-06-02,2022-06-29,2035,1.0,False,0,True,1
SHW,SHW,ok,,2035,2014-06-02,2022-06-29,2035,1.0,True,2,True,4
SIG,SIG,ok,,2035,2014-06-02,2022-06-29,2035,1.0,False,0,True,1
SIVB,SIVB,missing,no_data:delisted_renamed_or_unlisted_on_yahoo,0,,,0,0.0,False,0,True,3
SIX,SIX,missing,no_data:delisted_renamed_or_unlisted_on_yahoo,0,,,0,0.0,False,0,True,1
SJI,SJI,missing,no_data:delisted_renamed_or_unlisted_on_yahoo,0,,,0,0.0,False,0,True,6
SJM,SJM,ok,,2035,2014-06-02,2022-06-29,2035,1.0,True,6,False,0
SKT,SKT,ok,,2035,2014-06-02,2022-06-29,2035,1.0,False,0,True,1
SKX,SKX,missing,no_data:delisted_renamed_or_unlisted_on_yahoo,0,,,0,0.0,False,0,True,3
SKYW,SKYW,ok,,2035,2014-06-02,2022-06-29,2035,1.0,False,0,True,7
SLAB,SLAB,ok,,2035,2014-06-02,2022-06-29,2035,1.0,False,0,True,2
SLB,SLB,ok,,2035,2014-06-02,2022-06-29,2035,1.0,False,0,True,3
SLCA,SLCA,missing,no_data:delisted_renamed_or_unlisted_on_yahoo,0,,,0,0.0,False,0,True,1
SLGN,SLGN,ok,,2035,2014-06-02,2022-06-29,2035,1.0,False,0,True,1
SLM,SLM,ok,,2035,2014-06-02,2022-06-29,2035,1.0,False,0,True,3
SM,SM,ok,,2035,2014-06-02,2022-06-29,2035,1.0,False,0,True,4
SMG,SMG,ok,,2035,2014-06-02,2022-06-29,2035,1.0,False,0,True,2
SMP,SMP,ok,,2035,2014-06-02,2022-06-29,2035,1.0,False,0,True,2
SNA,SNA,ok,,2035,2014-06-02,2022-06-29,2035,1.0,True,7,True,1
SNBR,SNBR,ok,,2035,2014-06-02,2022-06-29,2035,1.0,False,0,True,1
SNH,SNH,missing,no_data:delisted_renamed_or_unlisted_on_yahoo,0,,,0,0.0,False,0,True,1
SNIRF,SNIRF,ok,,2035,2014-06-02,2022-06-29,2035,1.0,True,1,False,0
SNPS,SNPS,ok,,2035,2014-06-02,2022-06-29,2035,1.0,False,0,True,4
SNV,SNV,ok,,2036,2014-06-02,2022-06-30,2036,1.0,True,6,True,1
SNX,SNX,ok,,2035,2014-06-02,2022-06-29,2035,1.0,False,0,True,3
SO,SO,ok,,2035,2014-06-02,2022-06-29,2035,1.0,True,9,False,0
SON,SON,ok,,2035,2014-06-02,2022-06-29,2035,1.0,False,0,True,2
SONC,SONC,missing,no_data:delisted_renamed_or_unlisted_on_yahoo,0,,,0,0.0,False,0,True,5
SPG,SPG,ok,,2035,2014-06-02,2022-06-29,2035,1.0,False,0,True,3
SPGI,SPGI,ok,,2035,2014-06-02,2022-06-29,2035,1.0,True,8,True,2
SPN,SPN,missing,no_data:delisted_renamed_or_unlisted_on_yahoo,0,,,0,0.0,False,0,True,1
SPOK,SPOK,ok,,2035,2014-06-02,2022-06-29,2035,1.0,False,0,True,6
SPPI,SPPI,missing,no_data:delisted_renamed_or_unlisted_on_yahoo,0,,,0,0.0,False,0,True,7
SPSC,SPSC,ok,,2035,2014-06-02,2022-06-29,2035,1.0,False,0,True,5
SPTN,SPTN,missing,no_data:delisted_renamed_or_unlisted_on_yahoo,0,,,0,0.0,False,0,True,2
SPXC,SPXC,ok,,2035,2014-06-02,2022-06-29,2035,1.0,False,0,True,2
SRCL,SRCL,missing,no_data:delisted_renamed_or_unlisted_on_yahoo,0,,,0,0.0,False,0,True,3
SRDX,SRDX,missing,no_data:delisted_renamed_or_unlisted_on_yahoo,0,,,0,0.0,False,0,True,1
SRE,SRE,ok,,2035,2014-06-02,2022-06-29,2035,1.0,False,0,True,2
SSD,SSD,ok,,2035,2014-06-02,2022-06-29,2035,1.0,False,0,True,3
SSP,SSP,ok,,2035,2014-06-02,2022-06-29,2035,1.0,False,0,True,3
SSTK,SSTK,ok,,2035,2014-06-02,2022-06-29,2035,1.0,False,0,True,6
STBA,STBA,ok,,2035,2014-06-02,2022-06-29,2035,1.0,False,0,True,5
STC,STC,ok,,2035,2014-06-02,2022-06-29,2035,1.0,False,0,True,5
STE,STE,ok,,2035,2014-06-02,2022-06-29,2035,1.0,False,0,True,4
STI,STI,ok,,41,2022-05-02,2022-06-29,41,1.0,False,0,True,5
STLD,STLD,ok,,2035,2014-06-02,2022-06-29,2035,1.0,True,5,True,1
STMP,STMP,missing,no_data:delisted_renamed_or_unlisted_on_yahoo,0,,,0,0.0,False,0,True,3
STRA,STRA,ok,,2035,2014-06-02,2022-06-29,2035,1.0,False,0,True,5
STT,STT,ok,,2035,2014-06-02,2022-06-29,2035,1.0,True,7,True,1
STX,STX,ok,,2035,2014-06-02,2022-06-29,2035,1.0,False,0,True,9
STZ,STZ,ok,,2035,2014-06-02,2022-06-29,2035,1.0,True,6,True,2
SUP,SUP,missing,no_data:delisted_renamed_or_unlisted_on_yahoo,0,,,0,0.0,False,0,True,1
SUPN,SUPN,ok,,2035,2014-06-02,2022-06-29,2035,1.0,False,0,True,3
SVU,SVU,ok,,1107,2014-06-02,2018-10-22,1108,0.9991,False,0,True,2
SWK,SWK,ok,,2035,2014-06-02,2022-06-29,2035,1.0,True,9,True,1
SWKS,SWKS,ok,,2035,2014-06-02,2022-06-29,2035,1.0,False,0,True,3
SWM,SWM,missing,no_data:delisted_renamed_or_unlisted_on_yahoo,0,,,0,0.0,False,0,True,5
SWN,SWN,missing,no_data:delisted_renamed_or_unlisted_on_yahoo,0,,,0,0.0,False,0,True,1
SWX,SWX,ok,,2035,2014-06-02,2022-06-29,2035,1.0,False,0,True,5
SXC,SXC,ok,,2035,2014-06-02,2022-06-29,2035,1.0,False,0,True,2
SXI,SXI,ok,,2035,2014-06-02,2022-06-29,2035,1.0,False,0,True,4
SXT,SXT,ok,,2035,2014-06-02,2022-06-29,2035,1.0,False,0,True,5
SYF,SYF,ok,,1993,2014-07-31,2022-06-29,1993,1.0,True,5,True,2
SYK,SYK,ok,,2035,2014-06-02,2022-06-29,2035,1.0,False,0,True,4
SYNA,SYNA,ok,,2035,2014-06-02,2022-06-29,2035,1.0,False,0,True,3
SYY,SYY,ok,,2035,2014-06-02,2022-06-29,2035,1.0,True,6,True,3
T,T,ok,,2035,2014-06-02,2022-06-29,2035,1.0,True,4,False,0
TAP,TAP,ok,,2035,2014-06-02,2022-06-29,2035,1.0,True,8,True,2
TBI,TBI,ok,,2035,2014-06-02,2022-06-29,2035,1.0,False,0,True,2
TCO,TCO,missing,no_data:delisted_renamed_or_unlisted_on_yahoo,0,,,0,0.0,False,0,True,2
TCOM,TCOM,ok,,2035,2014-06-02,2022-06-29,2035,1.0,True,1,False,0
TDC,TDC,ok,,2035,2014-06-02,2022-06-29,2035,1.0,False,0,True,2
TDG,TDG,ok,,2035,2014-06-02,2022-06-29,2035,1.0,True,9,True,4
TDS,TDS,ok,,2035,2014-06-02,2022-06-29,2035,1.0,False,0,True,4
TDY,TDY,ok,,2035,2014-06-02,2022-06-29,2035,1.0,False,0,True,2
TECD,TECD,missing,no_data:delisted_renamed_or_unlisted_on_yahoo,0,,,0,0.0,False,0,True,1
TEL,TEL,ok,,2035,2014-06-02,2022-06-29,2035,1.0,False,0,True,2
TER,TER,ok,,2035,2014-06-02,2022-06-29,2035,1.0,True,7,True,1
TEX,TEX,ok,,2035,2014-06-02,2022-06-29,2035,1.0,False,0,True,2
TFC,TFC,ok,,2035,2014-06-02,2022-06-29,2035,1.0,True,6,False,0
TFX,TFX,ok,,2035,2014-06-02,2022-06-29,2035,1.0,True,10,True,5
TG,TG,ok,,2035,2014-06-02,2022-06-29,2035,1.0,False,0,True,1
TGI,TGI,missing,no_data:delisted_renamed_or_unlisted_on_yahoo,0,,,0,0.0,False,0,True,2
TGNA,TGNA,missing,no_data:delisted_renamed_or_unlisted_on_yahoo,0,,,0,0.0,False,0,True,2
TGT,TGT,ok,,2035,2014-06-02,2022-06-29,2035,1.0,True,1,True,4
THC,THC,ok,,2035,2014-06-02,2022-06-29,2035,1.0,True,2,False,0
THG,THG,ok,,2035,2014-06-02,2022-06-29,2035,1.0,False,0,True,2
THRM,THRM,ok,,2035,2014-06-02,2022-06-29,2035,1.0,False,0,True,2
THS,THS,missing,no_data:delisted_renamed_or_unlisted_on_yahoo,0,,,0,0.0,False,0,True,2
TIF,TIF,missing,no_data:delisted_renamed_or_unlisted_on_yahoo,0,,,0,0.0,False,0,True,4
TILE,TILE,ok,,2035,2014-06-02,2022-06-29,2035,1.0,False,0,True,1
TISI,TISI,ok,,2035,2014-06-02,2022-06-29,2035,1.0,False,0,True,1
TIVO,TIVO,missing,no_data:delisted_renamed_or_unlisted_on_yahoo,0,,,0,0.0,False,0,True,1
TJX,TJX,ok,,2035,2014-06-02,2022-06-29,2035,1.0,False,0,True,3
TKR,TKR,ok,,2035,2014-06-02,2022-06-29,2035,1.0,False,0,True,1
TLRD,TLRD,missing,no_data:delisted_renamed_or_unlisted_on_yahoo,0,,,0,0.0,False,0,True,2
TMO,TMO,ok,,2035,2014-06-02,2022-06-29,2035,1.0,True,6,True,2
TMST,TMST,missing,no_data:delisted_renamed_or_unlisted_on_yahoo,0,,,0,0.0,False,0,True,3
TNC,TNC,ok,,2035,2014-06-02,2022-06-29,2035,1.0,False,0,True,1
TOL,TOL,ok,,2035,2014-06-02,2022-06-29,2035,1.0,False,0,True,4
TPR,TPR,ok,,2035,2014-06-02,2022-06-29,2035,1.0,True,9,True,3
TPRE,TPRE,missing,no_data:delisted_renamed_or_unlisted_on_yahoo,0,,,0,0.0,False,0,True,4
TPX,TPX,missing,no_data:delisted_renamed_or_unlisted_on_yahoo,0,,,0,0.0,False,0,True,3
TREE,TREE,ok,,2035,2014-06-02,2022-06-29,2035,1.0,False,0,True,2
TREX,TREX,ok,,2035,2014-06-02,2022-06-29,2035,1.0,False,0,True,8
TRGP,TRGP,ok,,2035,2014-06-02,2022-06-29,2035,1.0,True,8,False,0
TRIP,TRIP,ok,,2035,2014-06-02,2022-06-29,2035,1.0,True,7,True,7
TRMB,TRMB,ok,,2035,2014-06-02,2022-06-29,2035,1.0,True,8,False,0
TRMK,TRMK,ok,,2035,2014-06-02,2022-06-29,2035,1.0,False,0,True,1
TRN,TRN,ok,,2035,2014-06-02,2022-06-29,2035,1.0,False,0,True,1
TRST,TRST,ok,,2035,2014-06-02,2022-06-29,2035,1.0,False,0,True,6
TRV,TRV,ok,,2035,2014-06-02,2022-06-29,2035,1.0,True,5,True,2
TSCO,TSCO,ok,,2035,2014-06-02,2022-06-29,2035,1.0,True,4,True,3
TSLA,TSLA,ok,,2035,2014-06-02,2022-06-29,2035,1.0,True,5,False,0
TSN,TSN,ok,,2035,2014-06-02,2022-06-29,2035,1.0,True,9,True,4
TSS,TSS,missing,no_data:delisted_renamed_or_unlisted_on_yahoo,0,,,0,0.0,False,0,True,2
TTC,TTC,ok,,2035,2014-06-02,2022-06-29,2035,1.0,False,0,True,2
TTEC,TTEC,ok,,2035,2014-06-02,2022-06-29,2035,1.0,False,0,True,1
TTI,TTI,ok,,2035,2014-06-02,2022-06-29,2035,1.0,False,0,True,3
TTWO,TTWO,ok,,2035,2014-06-02,2022-06-29,2035,1.0,True,8,True,4
TUP,TUP,missing,no_data:delisted_renamed_or_unlisted_on_yahoo,0,,,0,0.0,False,0,True,2
TWI,TWI,ok,,2035,2014-06-02,2022-06-29,2035,1.0,False,0,True,2
TXN,TXN,ok,,2035,2014-06-02,2022-06-29,2035,1.0,False,0,True,3
TXRH,TXRH,ok,,2035,2014-06-02,2022-06-29,2035,1.0,False,0,True,5
TXT,TXT,ok,,2035,2014-06-02,2022-06-29,2035,1.0,True,8,True,1
TYL,TYL,ok,,2035,2014-06-02,2022-06-29,2035,1.0,False,0,True,4
TYPE,TYPE,missing,no_data:delisted_renamed_or_unlisted_on_yahoo,0,,,0,0.0,False,0,True,1
UAA,UAA,ok,,2035,2014-06-02,2022-06-29,2035,1.0,False,0,True,1
UAL,UAL,ok,,2035,2014-06-02,2022-06-29,2035,1.0,True,4,True,2
UBER,UBER,ok,,791,2019-05-10,2022-06-29,791,1.0,True,1,False,0
UCBI,UCBI,missing,no_data:delisted_renamed_or_unlisted_on_yahoo,0,,,0,0.0,False,0,True,2
UDR,UDR,ok,,2035,2014-06-02,2022-06-29,2035,1.0,True,1,True,1
UEIC,UEIC,ok,,2035,2014-06-02,2022-06-29,2035,1.0,False,0,True,4
UFCS,UFCS,ok,,2035,2014-06-02,2022-06-29,2035,1.0,False,0,True,9
UFI,UFI,ok,,2035,2014-06-02,2022-06-29,2035,1.0,False,0,True,3
UFPI,UFPI,ok,,2035,2014-06-02,2022-06-29,2035,1.0,False,0,True,5
UFS,UFS,missing,no_data:delisted_renamed_or_unlisted_on_yahoo,0,,,0,0.0,False,0,True,4
UHS,UHS,ok,,2035,2014-06-02,2022-06-29,2035,1.0,False,0,True,1
UIHC,UIHC,missing,no_data:delisted_renamed_or_unlisted_on_yahoo,0,,,0,0.0,False,0,True,1
ULTA,ULTA,ok,,2035,2014-06-02,2022-06-29,2035,1.0,False,0,True,6
ULTI,ULTI,missing,no_data:delisted_renamed_or_unlisted_on_yahoo,0,,,0,0.0,False,0,True,4
UMBF,UMBF,ok,,2035,2014-06-02,2022-06-29,2035,1.0,False,0,True,1
UMPQ,UMPQ,missing,no_data:delisted_renamed_or_unlisted_on_yahoo,0,,,0,0.0,False,0,True,2
UNFI,UNFI,ok,,2035,2014-06-02,2022-06-29,2035,1.0,False,0,True,3
UNH,UNH,ok,,2035,2014-06-02,2022-06-29,2035,1.0,False,0,True,1
UNM,UNM,ok,,2035,2014-06-02,2022-06-29,2035,1.0,False,0,True,2
UNP,UNP,ok,,2035,2014-06-02,2022-06-29,2035,1.0,True,11,True,2
UNT,UNT,missing,no_data:delisted_renamed_or_unlisted_on_yahoo,0,,,0,0.0,False,0,True,4
UPS,UPS,ok,,2035,2014-06-02,2022-06-29,2035,1.0,True,8,False,0
URBN,URBN,ok,,2035,2014-06-02,2022-06-29,2035,1.0,True,5,False,0
URI,URI,ok,,2035,2014-06-02,2022-06-29,2035,1.0,True,10,False,0
USB,USB,ok,,2035,2014-06-02,2022-06-29,2035,1.0,True,7,True,3
UTHR,UTHR,ok,,2035,2014-06-02,2022-06-29,2035,1.0,False,0,True,6
UTX,UTX,missing,no_data:delisted_renamed_or_unlisted_on_yahoo,0,,,0,0.0,False,0,True,4
UVE,UVE,ok,,2035,2014-06-02,2022-06-29,2035,1.0,False,0,True,7
V,V,ok,,2035,2014-06-02,2022-06-29,2035,1.0,True,9,True,2
VAC,VAC,ok,,2035,2014-06-02,2022-06-29,2035,1.0,False,0,True,3
VAR,VAR,missing,no_data:delisted_renamed_or_unlisted_on_yahoo,0,,,0,0.0,False,0,True,4
VECO,VECO,ok,,2035,2014-06-02,2022-06-29,2035,1.0,False,0,True,4
VFC,VFC,ok,,2035,2014-06-02,2022-06-29,2035,1.0,True,7,True,6
VG,VG,missing,no_data:delisted_renamed_or_unlisted_on_yahoo,0,,,0,0.0,False,0,True,4
VIAB,VIAB,missing,no_data:delisted_renamed_or_unlisted_on_yahoo,0,,,0,0.0,False,0,True,2
VIAV,VIAV,ok,,2035,2014-06-02,2022-06-29,2035,1.0,False,0,True,1
VICR,VICR,ok,,2035,2014-06-02,2022-06-29,2035,1.0,False,0,True,3
VLO,VLO,ok,,2035,2014-06-02,2022-06-29,2035,1.0,False,0,True,6
VLY,VLY,ok,,2035,2014-06-02,2022-06-29,2035,1.0,False,0,True,2
VMC,VMC,ok,,2035,2014-06-02,2022-06-29,2035,1.0,True,9,True,3
VMI,VMI,ok,,2035,2014-06-02,2022-06-29,2035,1.0,False,0,True,3
VNT,VNT,ok,,444,2020-09-24,2022-06-29,444,1.0,True,2,False,0
VRA,VRA,ok,,2035,2014-06-02,2022-06-29,2035,1.0,False,0,True,6
VRSK,VRSK,ok,,2035,2014-06-02,2022-06-29,2035,1.0,True,7,True,2
VRSN,VRSN,ok,,2035,2014-06-02,2022-06-29,2035,1.0,True,11,True,9
VRTS,VRTS,ok,,2035,2014-06-02,2022-06-29,2035,1.0,False,0,True,2
VRTU,VRTU,missing,no_data:delisted_renamed_or_unlisted_on_yahoo,0,,,0,0.0,False,0,True,1
VRTV,VRTV,missing,no_data:delisted_renamed_or_unlisted_on_yahoo,0,,,0,0.0,False,0,True,2
VRTX,VRTX,ok,,2035,2014-06-02,2022-06-29,2035,1.0,True,5,True,1
VSAT,VSAT,ok,,2035,2014-06-02,2022-06-29,2035,1.0,False,0,True,1
VSH,VSH,ok,,2035,2014-06-02,2022-06-29,2035,1.0,False,0,True,3
VSI,VSI,missing,no_data:delisted_renamed_or_unlisted_on_yahoo,0,,,0,0.0,False,0,True,5
VSTO,VSTO,missing,no_data:delisted_renamed_or_unlisted_on_yahoo,0,,,0,0.0,False,0,True,2
VTR,VTR,ok,,2035,2014-06-02,2022-06-29,2035,1.0,True,6,True,2
VTRS,VTRS,ok,,2035,2014-06-02,2022-06-29,2035,1.0,True,2,False,0
VVC,VVC,ok,,2002,2014-06-02,2022-06-29,2035,0.9838,False,0,True,1
VVI,VVI,missing,no_data:delisted_renamed_or_unlisted_on_yahoo,0,,,0,0.0,False,0,True,1
VZ,VZ,ok,,2035,2014-06-02,2022-06-29,2035,1.0,True,8,True,8
WAB,WAB,ok,,2035,2014-06-02,2022-06-29,2035,1.0,True,5,True,3
WAGE,WAGE,missing,no_data:delisted_renamed_or_unlisted_on_yahoo,0,,,0,0.0,False,0,True,1
WAT,WAT,ok,,2035,2014-06-02,2022-06-29,2035,1.0,True,2,True,1
WBA,WBA,ok,,2036,2014-06-02,2022-06-30,2036,1.0,True,10,True,3
WBS,WBS,ok,,2035,2014-06-02,2022-06-29,2035,1.0,False,0,True,3
WCG,WCG,missing,no_data:delisted_renamed_or_unlisted_on_yahoo,0,,,0,0.0,False,0,True,4
WD,WD,ok,,2035,2014-06-02,2022-06-29,2035,1.0,False,0,True,2
WDC,WDC,ok,,2035,2014-06-02,2022-06-29,2035,1.0,True,8,True,5
WDR,WDR,missing,no_data:delisted_renamed_or_unlisted_on_yahoo,0,,,0,0.0,False,0,True,2
WEC,WEC,ok,,2035,2014-06-02,2022-06-29,2035,1.0,False,0,True,1
WELL,WELL,ok,,2035,2014-06-02,2022-06-29,2035,1.0,False,0,True,1
WEN,WEN,ok,,2035,2014-06-02,2022-06-29,2035,1.0,False,0,True,1
WEX,WEX,ok,,2035,2014-06-02,2022-06-29,2035,1.0,False,0,True,3
WFC,WFC,ok,,2035,2014-06-02,2022-06-29,2035,1.0,True,5,True,4
WGL,WGL,ok,,1032,2014-06-02,2018-07-06,1033,0.999,False,0,True,1
WHR,WHR,ok,,2035,2014-06-02,2022-06-29,2035,1.0,True,7,False,0
WING,WING,ok,,1775,2015-06-12,2022-06-29,1775,1.0,False,0,True,3
WIRE,WIRE,missing,no_data:delisted_renamed_or_unlisted_on_yahoo,0,,,0,0.0,False,0,True,2
WLH,WLH,missing,no_data:delisted_renamed_or_unlisted_on_yahoo,0,,,0,0.0,False,0,True,2
WLTW,WLTW,missing,no_data:delisted_renamed_or_unlisted_on_yahoo,0,,,0,0.0,False,0,True,1
WM,WM,ok,,2035,2014-06-02,2022-06-29,2035,1.0,False,0,True,1
WMB,WMB,ok,,2035,2014-06-02,2022-06-29,2035,1.0,True,3,True,3
WMT,WMT,ok,,2035,2014-06-02,2022-06-29,2035,1.0,True,8,True,4
WNC,WNC,ok,,2035,2014-06-02,2022-06-29,2035,1.0,False,0,True,1
WOR,WOR,ok,,2035,2014-06-02,2022-06-29,2035,1.0,False,0,True,3
WPG,WPG,missing,no_data:delisted_renamed_or_unlisted_on_yahoo,0,,,0,0.0,False,0,True,1
WPX,WPX,missing,no_data:delisted_renamed_or_unlisted_on_yahoo,0,,,0,0.0,False,0,True,1
WRB,WRB,ok,,2035,2014-06-02,2022-06-29,2035,1.0,False,0,True,6
WRI,WRI,missing,no_data:delisted_renamed_or_unlisted_on_yahoo,0,,,0,0.0,False,0,True,2
WRK,WRK,missing,no_data:delisted_renamed_or_unlisted_on_yahoo,0,,,0,0.0,False,0,True,5
WRLD,WRLD,ok,,2035,2014-06-02,2022-06-29,2035,1.0,False,0,True,5
WSM,WSM,ok,,2035,2014-06-02,2022-06-29,2035,1.0,False,0,True,4
WSO,WSO,ok,,2035,2014-06-02,2022-06-29,2035,1.0,False,0,True,4
WSR,WSR,ok,,2035,2014-06-02,2022-06-29,2035,1.0,False,0,True,1
WST,WST,ok,,2035,2014-06-02,2022-06-29,2035,1.0,True,9,True,1
WTFC,WTFC,ok,,2035,2014-06-02,2022-06-29,2035,1.0,False,0,True,1
WTR,WTR,missing,no_data:delisted_renamed_or_unlisted_on_yahoo,0,,,0,0.0,False,0,True,3
WTS,WTS,ok,,2035,2014-06-02,2022-06-29,2035,1.0,False,0,True,1
WU,WU,ok,,2035,2014-06-02,2022-06-29,2035,1.0,True,8,True,2
WWD,WWD,ok,,2035,2014-06-02,2022-06-29,2035,1.0,False,0,True,2
WWE,WWE,missing,no_data:delisted_renamed_or_unlisted_on_yahoo,0,,,0,0.0,False,0,True,5
WWW,WWW,ok,,2035,2014-06-02,2022-06-29,2035,1.0,False,0,True,2
WY,WY,ok,,2035,2014-06-02,2022-06-29,2035,1.0,True,8,True,6
WYND,WYND,missing,no_data:delisted_renamed_or_unlisted_on_yahoo,0,,,0,0.0,False,0,True,2
WYNN,WYNN,ok,,2035,2014-06-02,2022-06-29,2035,1.0,False,0,True,2
X,X,missing,no_data:delisted_renamed_or_unlisted_on_yahoo,0,,,0,0.0,True,7,True,1
XEL,XEL,ok,,2035,2014-06-02,2022-06-29,2035,1.0,True,8,True,3
XL,XL,missing,no_data:delisted_renamed_or_unlisted_on_yahoo,0,,,0,0.0,False,0,True,1
XLNX,XLNX,missing,no_data:delisted_renamed_or_unlisted_on_yahoo,0,,,0,0.0,False,0,True,3
XOM,XOM,ok,,2035,2014-06-02,2022-06-29,2035,1.0,True,9,True,2
XOXO,XOXO,ok,,1149,2014-06-02,2018-12-21,1150,0.9991,False,0,True,5
XRAY,XRAY,ok,,2035,2014-06-02,2022-06-29,2035,1.0,True,9,True,4
XRX,XRX,ok,,2035,2014-06-02,2022-06-29,2035,1.0,True,10,True,2
XYL,XYL,ok,,2035,2014-06-02,2022-06-29,2035,1.0,True,7,True,2
YUM,YUM,ok,,2035,2014-06-02,2022-06-29,2035,1.0,False,0,True,1
ZBH,ZBH,ok,,2035,2014-06-02,2022-06-29,2035,1.0,False,0,True,1
ZBRA,ZBRA,ok,,2035,2014-06-02,2022-06-29,2035,1.0,True,10,True,6
ZEUS,ZEUS,missing,no_data:delisted_renamed_or_unlisted_on_yahoo,0,,,0,0.0,False,0,True,5
ZION,ZION,ok,,2035,2014-06-02,2022-06-29,2035,1.0,True,6,True,1
ZTS,ZTS,ok,,2035,2014-06-02,2022-06-29,2035,1.0,True,10,True,1
ZUMZ,ZUMZ,ok,,2035,2014-06-02,2022-06-29,2035,1.0,False,0,True,3
